8.0672268907563,4.84033613445378,7.52941176470588,5.3781512605042,3.76470588235294,11.2941176470588,10.7563025210084,9.14285714285714,3.22689075630252,
13.4736842105263,4.71578947368421,4.71578947368421,9.43157894736842,8.75789473684211,8.7578947368421,4.04210526315789,7.41052631578947,2.69473684210526,
8.72727272727273,0,10.9090909090909,5.81818181818182,18.1818181818182,9.45454545454546,9.45454545454545,0,1.45454545454545,
12.9230769230769,1.23076923076923,11.0769230769231,9.23076923076923,12.3076923076923,7.38461538461539,4.30769230769231,5.53846153846154,0,
4.17391304347826,4.8695652173913,2.78260869565217,7.65217391304348,22.2608695652174,6.95652173913043,11.1304347826087,2.78260869565217,1.39130434782609,
9.89090909090909,5.81818181818182,11.0545454545455,6.98181818181818,6.4,9.89090909090909,6.98181818181818,4.07272727272727,2.90909090909091,
7.11111111111111,3.31851851851852,7.58518518518519,7.58518518518519,6.63703703703704,9.95555555555556,9.48148148148148,3.31851851851852,9.00740740740741,
9.6969696969697,4.84848484848485,2.42424242424242,10.6666666666667,7.75757575757576,7.27272727272727,5.33333333333333,5.81818181818182,10.1818181818182,
12,4,8,5.14285714285714,5.71428571428571,11.4285714285714,12,2.85714285714286,2.85714285714286,
6.77647058823529,5.27058823529412,14.3058823529412,9.03529411764706,9.03529411764706,3.01176470588235,6.02352941176471,7.52941176470588,3.01176470588235,
18.2857142857143,1.66233766233766,8.31168831168831,8.31168831168831,12.4675324675325,1.66233766233766,4.98701298701299,6.64935064935065,1.66233766233766,
0.917782026768643,1.04015296367113,0.550669216061185,1.04015296367113,0.550669216061185,2.87571701720841,17.3154875717017,35.6099426386233,4.09942638623327,
10.6931874689209,6.77871705619095,7.16061660865241,14.3848831427151,14.1302834410741,3.7871705619095,3.2143212332173,1.30482347091,2.54599701640975,
15.1397849462366,1.37634408602151,7.56989247311828,9.63440860215054,15.8279569892473,1.37634408602151,1.37634408602151,5.50537634408602,6.19354838709677,
7.69620253164557,5.26582278481013,4.45569620253165,7.29113924050633,14.9873417721519,8.10126582278481,7.69620253164557,1.62025316455696,6.88607594936709,
11.7701149425287,6.62068965517241,6.62068965517241,2.94252873563218,12.5057471264368,5.88505747126437,5.88505747126437,8.09195402298851,3.67816091954023,
11.0769230769231,7.38461538461539,6.76923076923077,9.84615384615385,8.61538461538462,12.9230769230769,3.07692307692308,2.46153846153846,1.84615384615385,
5.91596638655462,8.60504201680672,6.99159663865546,12.9075630252101,9.68067226890756,8.0672268907563,5.91596638655462,0,5.91596638655462,
8.42105263157895,2.24561403508772,2.24561403508772,12.9122807017544,9.54385964912281,7.29824561403509,5.6140350877193,3.92982456140351,11.7894736842105,
10.1328731665229,8.9732528041415,3.64452113891286,0.386540120793788,0.690250215703192,4.77653149266609,16.5107851596204,8.94564279551337,9.93960310612597,
3.04240766073871,3.45827633378933,18.1668946648427,3.52393980848153,3.10807113543092,3.43638850889193,0.919288645690834,13.7455540355677,14.5991792065663,
8.10126582278481,21.0632911392405,4.86075949367089,8.50632911392405,4.45569620253165,7.29113924050633,5.67088607594937,2.43037974683544,1.62025316455696,
5.41538461538462,4.92307692307692,7.87692307692308,7.87692307692308,10.8307692307692,7.87692307692308,10.8307692307692,2.46153846153846,5.90769230769231,
8.21621621621622,5.62162162162162,3.02702702702703,9.08108108108108,12.5405405405405,12.1081081081081,7.35135135135135,5.18918918918919,0.864864864864865,
8.32520325203252,10.4065040650407,3.64227642276423,3.64227642276423,11.4471544715447,5.20325203252033,10.4065040650407,3.1219512195122,7.80487804878049,
11.5056179775281,8.62921348314607,5.03370786516854,8.62921348314607,12.9438202247191,5.75280898876404,5.03370786516854,3.59550561797753,2.87640449438202,
2.62745098039216,1.92156862745098,0.313725490196078,0.470588235294118,2.90196078431373,5.2156862745098,17.843137254902,24.6666666666667,8.03921568627451,
3.46357418971157,6.88908712459114,17.1275646743979,9.5914362176628,6.60362771335117,0.0570918822479929,9.05857865001487,10.6952126077907,0.513826940231936,
2.96525096525097,21.1136851136851,3.70656370656371,0.329472329472329,6.28743028743029,8.62119262119262,10.2136422136422,4.85971685971686,5.9030459030459,
6.69844559585492,51.9295336787565,2.81865284974093,0.132642487046632,0.563730569948186,0.16580310880829,0.298445595854922,0.0994818652849741,1.29326424870466,
10.9850746268657,4.29850746268657,4.77611940298507,7.16417910447761,8.11940298507463,7.64179104477612,10.0298507462687,4.29850746268657,6.6865671641791,
11.2,13.8666666666667,14.9333333333333,1.06666666666667,8.53333333333333,6.93333333333333,2.66666666666667,4.8,0,
10.1294964028777,2.76258992805755,3.22302158273381,7.36690647482014,17.9568345323741,10.589928057554,8.28776978417266,0.920863309352518,2.76258992805755,
17.8360655737705,1.88852459016393,4.82622950819672,1.46885245901639,5.45573770491803,2.93770491803279,7.55409836065574,10.9114754098361,11.1213114754098,
2.61291989664083,0.496124031007752,1.35607235142119,0.529198966408269,4.82894056847545,8.56640826873385,7.871834625323,22.4909560723514,15.2475452196382,
7.96745321399512,12.7583401139138,2.16110659072417,13.9560618388934,11.3262815296989,2.57770545158666,4.6346623270952,3.20260374288039,5.41578519121237,
2.59554256485203,2.96967482645232,9.00255754475703,24.9265619291195,18.3792473511144,4.84033613445378,0.397515527950311,0,0.888564121300694,
17.0758472296934,24.5809575040344,5.16406670252824,2.82302313071544,0,8.29693383539538,1.27380311995697,4.57880580957504,0.20656266810113,
9.6283185840708,4.8141592920354,9.91150442477876,11.0442477876106,8.7787610619469,2.83185840707965,2.26548672566372,12.1769911504425,2.54867256637168,
6.28901734104046,0,4.4393063583815,7.76878612716763,12.9479768786127,13.6878612716763,5.17919075144509,8.878612716763,4.80924855491329,
9.3986013986014,8.95104895104895,7.16083916083916,6.26573426573427,6.26573426573427,6.26573426573427,9.3986013986014,6.71328671328671,3.58041958041958,
16.9628681177977,6.14596670934699,1.31113956466069,0.983354673495519,0.573623559539052,1.39308578745198,8.4404609475032,8.68629961587708,19.5032010243278,
24.5496183206107,0.569974554707379,0.122137404580153,0.162849872773537,0,1.09923664122137,1.34351145038168,8.34605597964377,27.8066157760814,
20.8019925280199,22.7945205479452,0.239103362391034,2.47073474470735,5.97758405977584,1.27521793275218,2.94894146948941,1.35491905354919,6.13698630136986,
15.5014164305949,1.35977337110482,0.815864022662889,0.634560906515581,1.08781869688385,1.63172804532578,1.17847025495751,2.62889518413598,39.1614730878187,
21.6060429982568,12.4578733294596,2.04532248692621,2.41719930273097,1.22719349215572,0.334689134224288,2.67751307379431,4.76002324230099,16.4741429401511,
14.1385620915033,18.321568627451,0.167320261437908,1.67320261437909,0.920261437908497,0.669281045751634,0.250980392156863,15.8954248366013,11.9633986928105,
4.57142857142857,4,8.57142857142857,13.7142857142857,12,9.71428571428571,5.14285714285714,6.28571428571428,0,
7.74522292993631,11.0063694267516,6.92993630573248,9.78343949044586,11.0063694267516,6.11464968152866,4.89171974522293,5.70700636942675,0.815286624203822,
6.72118959107807,1.13011152416357,0.356877323420074,0,0.475836431226766,0.83271375464684,2.02230483271375,15.5836431226766,36.8773234200744,
7.03511450381679,0.830534351145038,0.146564885496183,1.31908396946565,0,0.586259541984733,4.34809160305344,22.6198473282443,27.1145038167939,
7.78378378378378,10.954954954955,2.88288288288288,1.15315315315315,6.63063063063063,8.07207207207207,8.93693693693694,11.2432432432432,6.34234234234234,
18.1064425770308,6.45378151260504,6.45378151260504,5.55742296918768,4.66106442577031,1.25490196078431,5.55742296918768,4.84033613445378,11.1148459383753,
27.0937306021105,6.71384233395406,0.317815021725636,0.8739913097455,0.595903165735568,0.158907510862818,0.913718187461204,6.35630043451272,20.975791433892,
21.2178619756428,7.0148849797023,0.433017591339648,0.866035182679296,2.07848443843031,1.55886332882273,3.89715832205683,3.55074424898512,23.382949932341,
9.64383561643836,6.13698630136986,1.75342465753425,12.2739726027397,9.64383561643836,5.84474885844749,7.59817351598173,9.05936073059361,2.04566210045662,
9.03954802259887,5.42372881355932,2.89265536723164,9.76271186440678,12.6553672316384,8.67796610169492,3.9774011299435,7.59322033898305,3.9774011299435,
18.8798631893972,9.60410431808465,8.37280889268918,5.4450619923044,0.465156049593844,2.84566053869175,5.77340743907653,3.14664386489953,9.46729371526293,
1.48161597821153,1.13300045392646,8.68633681343622,15.8039037675896,10.6327734906945,20.1034952337721,1.5687698592828,1.59782115297322,2.99228325011348,
1.02634593356243,1.75945017182131,1.1729667812142,26.098510882016,27.9312714776632,1.90607101947308,2.27262313860252,1.46620847651775,0.366552119129439,
5.75,3.625,1.625,12.5,30.875,6.75,0.75,2.125,0,
16.3048294195835,7.11741249446168,6.69206911829863,5.47275143996456,2.52370403190075,1.81479840496234,0.425343376163048,0.538768276473194,23.1103234381923,
14.872380952381,1.34095238095238,0.60952380952381,0,1.21904761904762,1.21904761904762,1.95047619047619,5.36380952380952,37.4247619047619,
19.5555555555556,2.37037037037037,7.11111111111111,6.51851851851852,11.2592592592593,6.51851851851852,6.51851851851852,2.37037037037037,1.77777777777778,
15.6680497925311,14.3402489626556,9.29460580912863,4.24896265560166,4.78008298755187,4.78008298755187,2.12448132780083,5.84232365145228,2.92116182572614,
18.7979626485569,5.10696095076401,5.10696095076401,1.8471986417657,3.15110356536503,1.30390492359932,1.8471986417657,7.82342954159593,19.0152801358234,
32.1241272304112,3.32660977501939,2.43289371605896,2.87975174553918,0.198603568657874,0.297905352986811,5.95810705973623,0.844065166795966,15.9379363847944,
5.6234309623431,4.418410041841,2.74476987447699,7.76569037656904,16.3347280334728,8.56903765690377,4.48535564853557,8.1673640167364,5.89121338912134,
8.28426395939086,0.682233502538071,1.20203045685279,12.2802030456853,9.19390862944162,9.77868020304568,3.37868020304569,3.21624365482234,15.9837563451777,
2.9683257918552,5.04374057315234,8.95324283559578,6.29864253393665,10.9803921568627,11.1251885369532,5.04374057315234,1.68929110105581,11.8974358974359,
16.1638225255973,13.542662116041,3.0580204778157,7.42662116040956,3.49488054607509,1.31058020477816,6.1160409556314,6.33447098976109,6.55290102389079,
10.8571428571429,5.14285714285714,3.42857142857143,5.71428571428571,9.14285714285714,15.4285714285714,7.42857142857143,6.85714285714286,0,
6.47470817120623,2.98832684824903,5.47859922178988,1.7431906614786,9.96108949416342,7.71984435797665,11.704280155642,12.2023346303502,5.72762645914397,
30.6695842450766,6.16192560175055,1.54048140043764,0.420131291028446,1.96061269146608,0.280087527352298,2.80087527352298,5.88183807439825,14.2844638949672,
28.5398579321231,1.06077348066298,1.31333859510655,0.202052091554854,0.656669297553276,0,0,8.63772691397001,23.5895816890292,
21.3869346733668,3.77889447236181,0.804020100502513,0.562814070351759,0.562814070351759,0.804020100502512,3.2964824120603,10.6934673366834,22.1105527638191,
6.62260869565217,1.33565217391304,0,1.16869565217391,1.44695652173913,0.556521739130435,3.11652173913044,14.6365217391304,35.1165217391304,
20.4670050761421,1.23451776649746,2.14416243654822,0.3248730964467,0.519796954314721,0.12994923857868,0.454822335025381,1.6243654822335,37.1005076142132,
13.1390728476821,4.23841059602649,3.81456953642384,6.78145695364238,6.78145695364238,9.74834437086093,4.66225165562914,8.90066225165563,5.93377483443709,
14.5822784810127,0,1.62025316455696,2.83544303797468,6.07594936708861,10.9367088607595,7.69620253164557,10.5316455696203,9.72151898734177,
10.3687150837989,1.07262569832402,3.93296089385475,6.07821229050279,10.7262569832402,16.4469273743017,5.36312849162011,10.0111731843575,0,
23.7860962566845,5.64705882352941,3.25133689839572,3.25133689839572,1.54010695187166,1.54010695187166,8.89839572192513,9.24064171122995,6.84491978609626,
6.0595130748422,4.32822362488729,3.75112714156898,1.61587015329125,1.90441839495041,2.13525698827773,5.07844905320108,13.3309287646528,25.7962128043282,
11.0862329803328,1.7428139183056,2.178517397882,2.46898638426626,2.71104387291982,5.7125567322239,9.97276853252648,15.8789712556732,12.2481089258699,
20.4893772893773,1.78168498168498,2.86007326007326,1.73479853479853,2.25054945054945,1.5003663003663,2.57875457875458,0.937728937728938,29.8666666666667,
13.25782414307,1.71684053651267,0.858420268256334,0.381520119225037,0.381520119225037,0.476900149031297,1.33532041728763,4.10134128166915,41.4903129657228,
11.5809523809524,7.61904761904762,7.61904761904762,0,6.4,10.9714285714286,3.65714285714286,7.92380952380952,8.22857142857143,
7.55905511811024,3.02362204724409,11.0866141732283,8.06299212598425,4.03149606299213,13.1023622047244,10.5826771653543,6.5511811023622,0,
3.94520547945205,5.26027397260274,5.26027397260274,11.3972602739726,7.45205479452055,7.89041095890411,9.64383561643836,8.76712328767123,4.38356164383562,
14.339373970346,2.84678747940692,10.9654036243822,1.58154859967051,1.89785831960461,1.26523887973641,8.01317957166392,4.74464579901153,18.3459637561779,
14.1607605877269,6.69317199654278,0.276577355229041,2.59982713915298,0.442523768366465,1.71477960242005,5.19965427830596,13.1097666378565,19.8029386343993,
12.8,1.81443298969072,2.27628865979381,0.857731958762887,1.38556701030928,1.61649484536082,0.593814432989691,8.34639175257732,34.3092783505155,
20.7826086956522,4.04347826086957,2.30434782608696,1.08695652173913,1,1.65217391304348,3.43478260869565,5.17391304347826,24.5217391304348,
14.3238095238095,11.1238095238095,0.533333333333333,8.07619047619048,0.304761904761905,9.44761904761905,1.2952380952381,5.10476190476191,13.7904761904762,
11.2775330396476,0,1.97356828193833,6.20264317180617,10.7136563876652,5.63876651982379,12.6872246696035,7.33039647577093,8.17621145374449,
8.53333333333333,11.0933333333333,6.4,5.54666666666667,3.41333333333333,13.2266666666667,10.24,1.28,4.26666666666667,
6.79646017699115,3.9646017699115,6.23008849557522,6.79646017699115,11.8938053097345,14.1592920353982,7.36283185840708,3.9646017699115,2.83185840707965,
12.8181818181818,13.8181818181818,1.63636363636364,2.18181818181818,0.818181818181818,0.636363636363636,2.27272727272727,10.6363636363636,19.1818181818182,
10.4581005586592,10.0782122905028,3.15083798882682,1.85474860335196,5.3854748603352,6.27932960893855,1.89944134078212,8.98324022346369,15.9106145251397,
9.02407336645013,9.61100496752006,2.73901413832633,3.66832250668705,7.28773404661827,0.391287734046618,2.64119220481467,7.60565533053114,21.0317157050057,
8.52781371280724,6.48555411815438,3.22897800776197,2.45623113410953,6.84432945235015,5.46442432082794,11.2600258732212,8.61060802069858,11.122035360069,
0.910384068278805,1.00142247510669,10.0142247510669,10.2873399715505,8.28449502133713,21.5761024182077,2.09388335704125,7.37411095305832,2.45803698435277,
3.62753036437247,1.55465587044534,1.29554655870445,10.8825910931174,20.4696356275304,15.0283400809717,7.77327935222672,3.36842105263158,0,
2.76923076923077,3.38461538461539,8.30769230769231,5.23076923076923,20.9230769230769,7.69230769230769,7.07692307692308,7.07692307692308,1.53846153846154,
7.95675675675676,4.35891891891892,6.64216216216216,7.26486486486487,13.4227027027027,7.88756756756757,4.01297297297297,5.88108108108108,6.57297297297297,
6.59248120300752,7.84360902255639,8.9984962406015,6.35187969924812,3.22406015037594,5.14887218045113,2.21353383458647,8.90225563909774,14.7248120300752,
3.80092899800929,4.7564698075647,6.47644326476443,7.98407431984074,10.1287325812873,14.14200398142,6.98606502986065,6.90112806901128,2.82415394824154,
3.4302729528536,6.57468982630273,4.31960297766749,8.13101736972705,8.09925558312655,13.9434243176179,12.1965260545906,1.52456575682382,5.78064516129032,
3.0062630480167,3.40709812108559,2.07098121085595,3.67432150313152,5.61169102296451,27.2567849686848,10.5553235908142,6.07933194154488,2.33820459290188,
3.40828402366864,0.378698224852071,1.70414201183432,7.19526627218935,23.8579881656805,15.5266272189349,7.00591715976331,3.78698224852071,1.13609467455621,
2.68062827225131,0,1.67539267015707,11.0575916230367,22.4502617801047,13.738219895288,8.71204188481675,2.3455497382199,1.34031413612565,
5.36312849162011,1.07262569832402,4.29050279329609,8.22346368715084,19.3072625698324,20.3798882681564,2.50279329608939,2.86033519553073,0,
5.07317073170732,3.51219512195122,5.65853658536585,27.9024390243902,12.6829268292683,3.51219512195122,2.53658536585366,1.75609756097561,1.36585365853659,
1.63720930232558,1.33953488372093,2.38139534883721,2.97674418604651,26.7906976744186,19.0511627906977,7.29302325581395,1.63720930232558,0.893023255813953,
0.545842217484009,3.20682302771855,1.97867803837953,7.57356076759062,37.1172707889126,11.2579957356077,0.545842217484009,1.77398720682303,0,
1.56643356643357,3.8041958041958,0.895104895104895,1.56643356643357,16.3356643356643,5.37062937062937,25.0629370629371,6.04195804195804,3.35664335664336,
10.958904109589,3.94520547945205,6.13698630136986,9.20547945205479,3.94520547945205,8.76712328767123,9.20547945205479,10.0821917808219,1.75342465753425,
4.65454545454545,1.93939393939394,6.59393939393939,7.36969696969697,14.3515151515152,5.04242424242424,8.14545454545454,10.4727272727273,5.43030303030303,
9.71034482758621,1.76551724137931,7.50344827586207,14.5655172413793,11.0344827586207,7.9448275862069,4.8551724137931,3.97241379310345,2.64827586206897,
10.1052631578947,7.69924812030075,8.66165413533835,5.29323308270677,10.5864661654135,7.21804511278195,8.18045112781955,6.25563909774436,0,
2.30630630630631,5.18918918918919,12.1081081081081,11.5315315315315,17.8738738738739,5.18918918918919,5.76576576576577,4.03603603603604,0,
8,6.15384615384615,4.92307692307692,3.07692307692308,12.3076923076923,8,12.3076923076923,6.76923076923077,2.46153846153846,
13.1588785046729,4.18691588785047,10.1682242990654,2.39252336448598,14.9532710280374,8.97196261682243,6.57943925233645,2.39252336448598,1.19626168224299,
8.27586206896552,3.31034482758621,5.51724137931035,7.17241379310345,6.62068965517241,9.93103448275862,12.6896551724138,8.27586206896552,2.20689655172414,
14.5454545454545,1.16363636363636,11.0545454545455,9.30909090909091,6.4,6.98181818181818,12.2181818181818,0,2.32727272727273,
7.77142857142857,13.7142857142857,5.94285714285714,9.14285714285714,7.77142857142857,5.94285714285714,2.74285714285714,5.48571428571429,5.48571428571429,
11.0933333333333,8.10666666666667,5.54666666666667,4.26666666666667,12.3733333333333,6.4,13.6533333333333,1.70666666666667,0.853333333333333,
7.20529801324503,8.47682119205298,7.62913907284768,5.08609271523179,5.50993377483444,9.32450331125828,11.4437086092715,7.20529801324503,2.11920529801325,
23.2727272727273,3.87878787878788,11.6363636363636,0,15.5151515151515,0,9.6969696969697,0,0,
22.1538461538462,0,9.84615384615385,0,27.0769230769231,0,4.92307692307692,0,0,
26.6666666666667,0,0,0,26.6666666666667,0,10.6666666666667,0,0,
25.6,0,6.4,0,25.6,0,6.4,0,0,
11.6363636363636,0,11.6363636363636,0,40.7272727272727,0,0,0,0,
21.3333333333333,0,0,0,21.3333333333333,0,21.3333333333333,0,0,
27.4285714285714,0,6.09523809523809,0,27.4285714285714,0,3.04761904761905,0,0,
24.2758620689655,0,2.20689655172414,0,24.2758620689655,0,13.2413793103448,0,0,
24,0,26.6666666666667,0,13.3333333333333,0,0,0,0,
29.0909090909091,0,17.4545454545455,0,17.4545454545455,0,0,0,0,
13.7142857142857,0,6.85714285714286,0,27.4285714285714,0,16,0,0,
0,0,0.0597572362278245,0.298786181139122,21.8113912231559,30.296918767507,11.5331465919701,0,0,
0.747913188647746,0.961602671118531,25.6427378964942,28.9549248747913,7.58597662771285,0,0.106844741235392,0,0,
22,0,10,0,26,0,6,0,0,
22.4,0,9.6,0,25.6,0,6.4,0,0,
24.3809523809524,0,3.04761904761905,0,21.3333333333333,0,15.2380952380952,0,0,
28.4444444444445,0,8.88888888888889,0,24.8888888888889,0,1.77777777777778,0,0,
30,0,6,0,26,0,2,0,0,
8.33136094674556,0,0.568047337278107,0,1.51479289940828,0,0.568047337278107,1.13609467455621,51.8816568047337,
8.37293233082707,4.71578947368421,3.78546365914787,1.0265664160401,3.43258145363409,10.8431077694236,9.78446115288221,14.8210526315789,7.21804511278196,
21.848275862069,15.0384236453202,18.4433497536946,0.977339901477832,1.04039408866995,0,0,0.914285714285714,5.73793103448276,
24.3809523809524,0,7.61904761904762,0,27.4285714285714,0,4.57142857142857,0,0,
32.969696969697,0,5.81818181818182,0,19.3939393939394,0,5.81818181818182,0,0,
26.6666666666667,0,0,0,21.3333333333333,0,16,0,0,
30.1176470588235,0,11.2941176470588,0,22.5882352941176,0,0,0,0,
19.027027027027,0,8.64864864864865,0,34.5945945945946,0,1.72972972972973,0,0,
30.5671641791045,0.382089552238806,0.573134328358209,0,2.67462686567164,0.382089552238806,21.5880597014925,4.77611940298507,3.05671641791045,
10.2487223168654,5.34241908006814,1.19931856899489,0.363429869392391,1.74446337308348,5.92390687109597,12.3566155593413,10.3214082907439,16.4997160704145,
7.09070034443169,24.0642939150402,10.691159586682,2.75545350172216,2.27784156142365,1.17566016073479,4.15154994259472,2.75545350172216,9.03788748564868,
1.20268456375839,4.46711409395973,55.3234899328859,2.57718120805369,0.429530201342282,0,0,0,0,
21.3333333333333,0,8,0,34.6666666666667,0,0,0,0,
19.3939393939394,0,1.93939393939394,0,32.969696969697,0,9.6969696969697,0,0,
26.3529411764706,0,11.2941176470588,0,20.7058823529412,0,5.64705882352941,0,0,
26,0,8,0,26,0,4,0,0,
1.42002063983488,0,0.330237358101135,0,0.198142414860681,0.396284829721362,7.49638802889577,30.1506707946336,24.0082559339525,
6.63002114164905,5.54756871035941,2.97674418604651,8.38900634249471,1.21775898520085,1.75898520084567,12.8541226215645,8.1183932346723,16.507399577167,
7.34743202416918,4.06042296072508,2.3202416918429,6.18731117824773,4.6404833836858,3.28700906344411,14.1148036253776,10.2477341389728,11.7945619335347,
27.0432033719705,22.2550052687039,8.49736564805058,0,0.505795574288725,0.876712328767123,1.14646996838778,0.40463645943098,3.27081138040042,
22.5882352941176,0,5.64705882352941,0,24.4705882352941,0,11.2941176470588,0,0,
18.6666666666667,0,5.33333333333333,0,26.6666666666667,0,13.3333333333333,0,0,
27.1515151515151,0,13.5757575757576,0,21.3333333333333,0,1.93939393939394,0,0,
12.3870967741935,0,8.25806451612903,0,39.2258064516129,0,4.12903225806452,0,0,
2.36241610738255,0.787472035794184,0,0,1.0738255033557,0,0.322147651006711,0.930648769574944,58.5234899328859,
18.5806451612903,0,3.61290322580645,11.0967741935484,3.61290322580645,1.03225806451613,1.54838709677419,11.6129032258064,12.9032258064516,
20.2105263157895,8.42105263157895,5.26315789473684,7.36842105263158,3.15789473684211,1.26315789473684,4.42105263157895,6.52631578947368,7.36842105263158,
34.5385860766325,1.89962223421479,4.76632487857528,0.759848893685915,0.069077172153265,0,0.069077172153265,0,21.897463572585,
22,0,10,0,26,0,6,0,0,
17.92,0,5.12,0,38.4,0,2.56,0,0,
17.2307692307692,0,19.6923076923077,0,27.0769230769231,0,0,0,0,
1.68421052631579,0,2.24561403508772,0,3.92982456140351,0,2.24561403508772,1.12280701754386,52.7719298245614,
0.826501965188097,0.970241437394722,0.323413812464907,0.503088152723189,0.215609208309938,0.503088152723189,0.287478944413251,15.2004491858506,45.1701291409321,
19.4430379746835,4.86075949367089,8.50632911392405,5.67088607594937,4.45569620253165,4.05063291139241,8.10126582278481,5.67088607594937,3.24050632911392,
17.009009009009,5.47747747747748,4.61261261261261,1.15315315315315,1.44144144144144,2.01801801801802,4.03603603603604,11.2432432432432,17.009009009009,
30.8571428571429,0.0692640692640693,0.0346320346320346,0,0.0346320346320346,0,0.0346320346320346,0.0692640692640693,32.9004329004329,
23.578947368421,0,8.42105263157895,0,25.2631578947368,0,6.73684210526316,0,0,
20.7058823529412,0,3.76470588235294,0,33.8823529411765,0,5.64705882352941,0,0,
22,0,18,0,24,0,0,0,0,
0.560175054704595,0,0.140043763676149,0,0.466812545587163,0,0.280087527352298,37.2983223924143,25.2545587162655,
21.9405940594059,0.184818481848185,1.02970297029703,0,1.42574257425743,4.67326732673267,0.36963696369637,17.3201320132013,17.0561056105611,
7.43225806451613,9.90967741935484,8.25806451612903,6.19354838709677,4.95483870967742,6.60645161290323,9.90967741935484,2.89032258064516,7.84516129032258,
4.92307692307692,6.26573426573427,8.72727272727273,1.79020979020979,1.56643356643357,1.11888111888112,5.37062937062937,25.958041958042,8.27972027972028,
10.5125735687533,0.171214553237025,0.034242910647405,0,0.0684858212948101,0,0,1.88336008560728,51.3301230604601,
21.3333333333333,0,10.6666666666667,0,28.4444444444445,0,3.55555555555556,0,0,
25.2631578947368,0,8.42105263157895,0,21.8947368421053,0,8.42105263157895,0,0,
20.3636363636364,0,23.2727272727273,0,20.3636363636364,0,0,0,0,
7.81484437350359,4.18834796488428,7.8659217877095,11.9010375099761,10.9816440542698,0,0.102154828411812,15.5786113328013,5.56743814844373,
17.9736003641329,13.050523441056,0,0.0582612653618571,3.37915339098771,4.36959490213928,0.0291306326809285,20.3040509786072,4.83568502503414,
46.3007360672976,1.14405888538381,0.740273396424816,0.605678233438486,8.6813880126183,2.55730809674027,1.61514195583596,0.538380651945321,1.81703470031546,
11.9466666666667,2.90133333333333,1.024,2.56,6.99733333333333,17.408,5.29066666666667,10.5813333333333,5.29066666666667,
17.7462140992167,3.04125326370757,0.16710182767624,0,0.0668407310704961,1.33681462140992,8.488772845953,7.18537859007833,25.9676240208877,
22,0,18,0,22,0,2,0,0,
18.5263157894737,0,15.1578947368421,0,28.6315789473684,0,1.68421052631579,0,0,
32,0,13.3333333333333,0,13.3333333333333,0,5.33333333333333,0,0,
20,0,10,0,26,0,8,0,0,
63.030303030303,0,0,0,0.484848484848485,0,0.484848484848485,0,0,
19.4798619102417,25.0034522439586,1.36248561565017,8.76409666283084,3.68239355581128,1.69390103567319,0,1.36248561565017,2.65132336018412,
16.2632034632035,6.42770562770563,2.16103896103896,1.96709956709957,1.77316017316017,12.0242424242424,2.54891774891775,8.45021645021645,12.3844155844156,
30.4077046548957,0.616372391653291,0.770465489566613,0.821829855537721,0.102728731942215,0,2.61958266452648,1.48956661316212,27.1717495987159,
19.5555555555556,0,16,0,24.8888888888889,0,3.55555555555556,0,0,
23.7714285714286,0,10.9714285714286,0,23.7714285714286,0,5.48571428571429,0,0,
24.8888888888889,0,3.55555555555556,0,35.5555555555556,0,0,0,0,
30.8965517241379,0,4.41379310344828,0,24.2758620689655,0,4.41379310344828,0,0,
40.5333333333333,0,4.26666666666667,0,8.53333333333333,0,10.6666666666667,0,0,
40.7272727272727,1.96458087367178,0.717827626918536,0.680047225501771,0.680047225501771,0,0.755608028335301,2.07792207792208,16.396694214876,
20.1297201243892,26.47001332741,0.0284318080852954,0,0.142159040426477,0.0568636161705908,0.0568636161705908,0,17.1159484673478,
10.3136190992946,48.9636462289745,2.70862723819859,0,0.416711882799783,0,0.451437873033098,0.486163863266413,0.65979381443299,
47.8504672897196,0,4.18691588785047,0,7.17757009345794,0,4.78504672897196,0,0,
18.2857142857143,0,16.4571428571429,0,27.4285714285714,0,1.82857142857143,0,0,
18,0,4,0,34,0,8,0,0,
25.6,0,7.68,0,20.48,0,10.24,0,0,
21.3333333333333,0,10.6666666666667,0,24.8888888888889,0,7.11111111111111,0,0,
46.9169230769231,7.97538461538462,0.196923076923077,0.344615384615385,0.295384615384615,0.0984615384615385,0.541538461538462,1.37846153846154,6.25230769230769,
36.1672025723473,0,0.102893890675241,0,0.154340836012862,0,0.102893890675241,0,27.4726688102894,
39.3555316863588,23.1664876476907,0.274973147153598,0.103114930182599,0.137486573576799,0.206229860365199,0.103114930182599,0,0.653061224489796,
62.8453608247423,0,0.742268041237113,0,0.412371134020619,0,0,0,0,
20.6451612903226,0,2.06451612903226,0,33.0322580645161,0,8.25806451612903,0,0,
0.431946006749156,0.503937007874016,0.143982002249719,1.00787401574803,38.0112485939258,23.3970753655793,0.0719910011248594,0,0.431946006749156,
0,0,0.28045574057844,12.9009640666082,47.5092024539877,3.19719544259422,0.112182296231376,0,0,
0.184704184704185,0,4.98701298701299,6.64935064935065,37.6796536796537,14.3145743145743,0.184704184704185,0,0,
12.8398133748056,1.32711249351996,0.265422498703992,2.52151373768792,3.78227060653188,3.61638154484189,1.19440124416796,10.5837221358217,27.8693623639191,
50.5323058684055,4.02133965619443,0.455245998814463,2.31416716064019,0.796680497925311,0.682868998221695,0.037937166567872,0,5.15945465323059,
34.4388746803069,7.26751918158568,2.35703324808184,0.229156010230179,3.69923273657289,0.0654731457800511,0.883887468030691,3.01176470588235,12.0470588235294,
47.8512089274643,13.0539367637942,0.238065716057037,0,0.198388096714197,0.158710477371358,0.0793552386856789,0.71419714817111,1.7061376317421,
8.82758620689655,8.45977011494253,6.62068965517241,8.45977011494253,23.5402298850575,0.735632183908046,1.10344827586207,3.31034482758621,2.94252873563218,
1.08576814326107,2.5937794533459,2.65409990574929,8.56550424128181,25.8171536286522,18.6390197926484,2.29217719132894,1.14608859566447,1.20640904806786,
2.22107969151671,1.15167095115681,3.41388174807198,4.85347043701799,19.7840616966581,8.30848329048843,13.5321336760925,8.02056555269923,2.7146529562982,
3.5609756097561,1.41463414634146,6.34146341463415,10.1463414634146,18.1463414634146,16.1951219512195,2.8780487804878,1.70731707317073,3.60975609756098,
1.81703470031546,0.605678233438486,1.95162986330179,16.0841219768665,9.75814931650894,18.5068349106204,10.0273396424816,1.41324921135647,3.83596214511041,
8.05161290322581,5.82193548387097,6.23483870967742,6.97806451612903,22.7509677419355,6.4,0.289032258064516,4.08774193548387,3.3858064516129,
2.24864864864865,1.55675675675676,2.01801801801802,1.15315315315315,14.7027027027027,22.7171171171171,6.51531531531531,8.24504504504504,4.84324324324324,
1.88112344872632,7.73350751143044,7.3990855649902,15.0489875898106,12.1227955584585,9.36381450032659,3.59503592423253,1.67210973220118,5.18354016982364,
0.255659121171771,0.809587217043941,0.681757656458056,2.72703062583222,32.9800266311584,22.37017310253,2.34354194407457,1.27829560585886,0.55392809587217,
18.4971098265896,4.06936416184971,0,1.84971098265896,3.05202312138728,16.0924855491329,7.76878612716763,10.4508670520231,2.21965317919075,
31.6657169990503,3.52516619183286,0.911680911680912,7.2326685660019,6.92877492877493,4.37606837606838,6.38176638176638,2.55270655270655,0.425451092117759,
16.9269521410579,4.35264483627204,3.70780856423174,4.99748110831234,8.22166246851385,17.5717884130982,5.64231738035264,2.57934508816121,0,
27.8223418573351,7.92462987886945,6.63257065948856,1.55047106325707,8.95827725437416,1.03364737550471,1.11978465679677,4.73755047106326,4.2207267833109,
23.4069192751236,1.58154859967051,3.26853377265239,10.4382207578254,11.1762767710049,3.47940691927512,2.42504118616145,0.843492586490939,7.38056013179572,
30.5230769230769,5.90769230769231,1.72307692307692,5.04615384615385,6.4,5.66153846153846,3.07692307692308,5.66153846153846,0,
23.9704797047971,2.12546125461255,3.66051660516605,3.66051660516605,4.72324723247232,11.4538745387454,5.7859778597786,7.79335793357934,0.826568265682657,
34.4365482233503,1.7326565143824,2.4906937394247,5.19796954314721,5.95600676818951,3.0321489001692,3.1404399323181,2.165820642978,5.84771573604061,
64,0,0,0,0,0,0,0,0,
64,0,0,0,0,0,0,0,0,
64,0,0,0,0,0,0,0,0,
64,0,0,0,0,0,0,0,0,
64,0,0,0,0,0,0,0,0,
64,0,0,0,0,0,0,0,0,
64,0,0,0,0,0,0,0,0,
64,0,0,0,0,0,0,0,0,
29.4886075949367,0.972151898734177,2.26835443037975,0.810126582278481,2.43037974683544,1.13417721518987,1.94430379746835,2.10632911392405,22.8455696202532,
34.2535211267606,1.51600512163892,0,0,0,0.0819462227912932,0.327784891165173,1.47503201024328,26.3457106274008,
16.3720930232558,6.94573643410853,10.4186046511628,6.94573643410853,6.94573643410853,5.45736434108527,3.47286821705426,3.96899224806202,3.47286821705426,
36.2926829268293,0.780487804878049,0.130081300813008,0,0,1.69105691056911,0.260162601626016,5.59349593495935,19.2520325203252,
34.1233993015134,4.17229336437718,2.83119906868452,0.745052386495926,0.149010477299185,0.29802095459837,0.372526193247963,5.73690337601863,15.5715948777648,
15.7725118483412,4.85308056872038,4.24644549763033,1.81990521327014,1.51658767772512,9.70616113744076,7.58293838862559,9.09952606635071,9.40284360189573,
36.2926829268293,2.34146341463415,2.53658536585366,0.975609756097561,0.780487804878049,1.17073170731707,1.75609756097561,1.95121951219512,16.1951219512195,
21.8803418803419,3.28205128205128,3.82905982905983,1.75042735042735,3.28205128205128,3.28205128205128,3.5008547008547,2.07863247863248,21.1145299145299,
39.6190476190476,3.72486772486772,0.507936507936508,0,0.677248677248677,2.03174603174603,1.52380952380952,2.2010582010582,13.7142857142857,
40.5479452054794,0.182648401826484,0.146118721461187,0.0730593607305936,0,0.10958904109589,0.0730593607305936,1.64383561643836,21.2237442922374,
5.38947368421053,5.38947368421053,5.38947368421053,6.73684210526316,13.4736842105263,8.75789473684211,9.43157894736842,6.73684210526316,2.69473684210526,
12.9817444219067,3.50507099391481,2.46653144016227,0.649087221095335,2.20689655172414,1.29817444219067,22.1987829614604,8.56795131845842,10.1257606490872,
17.6964656964657,5.98752598752599,1.15315315315315,3.76992376992377,4.52390852390852,5.67706167706168,8.78170478170478,0.266112266112266,16.1441441441441,
12.9438202247191,10.7865168539326,9.70786516853932,5.03370786516854,2.87640449438202,0,4.67415730337079,8.26966292134831,9.70786516853933,
21.8947368421053,1.17894736842105,1.34736842105263,1.34736842105263,2.02105263157895,2.35789473684211,3.03157894736842,2.02105263157895,28.8,
19.4960127591707,2.14354066985646,2.0414673046252,1.63317384370016,3.0622009569378,1.83732057416268,2.65390749601276,4.49122807017544,26.6411483253589,
32.3465703971119,1.6173285198556,2.31046931407942,1.38628158844765,1.15523465703971,0.462093862815884,1.38628158844765,2.54151624548736,20.7942238267148,
44.1427027027027,1.10702702702703,0.103783783783784,0,0,0.0691891891891892,0,1.00324324324324,17.5740540540541,
9.17735849056604,7.00377358490566,3.62264150943396,7.72830188679245,3.13962264150943,21.2528301886792,8.21132075471698,3.86415094339623,0,
23.9185938945421,3.5522664199815,3.13783533765032,2.30897317298797,0.9472710453284,1.68732654949121,15.6003700277521,8.02220166512488,4.82516188714154,
27.3365129835718,11.5654478007419,6.17276099629041,3.76470588235294,2.00105988341282,3.18812930577636,4.17170111287758,4.51086380498145,1.2888182299947,
4.61942257217848,12.8503937007874,29.6482939632546,4.87139107611549,0.41994750656168,1.00787401574803,0.83989501312336,2.43569553805774,7.30708661417323,
22.1957446808511,2.04255319148936,1.08936170212766,0,0.408510638297872,0.817021276595745,4.76595744680851,11.0297872340426,21.6510638297872,
23.5008912655971,3.30837789661319,5.13368983957219,4.33511586452763,2.39572192513369,3.76470588235294,7.64349376114082,1.93939393939394,11.9786096256685,
30.027397260274,4.38356164383562,2.41095890410959,1.97260273972603,2.19178082191781,2.84931506849315,0.657534246575342,3.72602739726027,15.7808219178082,
37.4421768707483,1.23914181057038,0.468864468864469,0,0.13396127681842,0.20094191522763,0.435374149659864,0.602825745682888,23.476713762428,
11.6915776986951,6.11150652431791,10.7046263345196,3.41637010676157,2.12574139976275,8.99644128113879,13.4756820877817,3.37841043890866,4.09964412811388,
5.76230492196879,13.3173269307723,8.22088835534214,1.28051220488195,2.48419367747099,1.15246098439376,3.96958783513405,21.8967587034814,5.91596638655462,
6.36175991309071,6.11841390548615,8.37805540467137,6.36175991309071,6.08365019011407,4.79739272134709,3.58066268332428,11.7153720803911,10.6029331884845,
24.0129940443963,20.1321061180292,1.28207904710341,1.87114239306984,0.0693015701136979,0.242555495397943,0.381158635625338,2.35625338386573,13.6524093123985,
10.3276283618582,1.09535452322738,0.312958435207824,0.312958435207824,0,0.312958435207824,0,34.4254278728606,17.2127139364303,
11.0344827586207,3.21003134796238,2.40752351097179,3.00940438871473,9.4294670846395,17.0532915360502,4.61442006269592,8.22570532915361,5.01567398119122,
9.6,2.44705882352941,0,0.564705882352941,0.376470588235294,3.01176470588235,7.34117647058824,14.3058823529412,26.3529411764706,
36.20366598778,0.391038696537678,0.130346232179226,0.195519348268839,0,0.391038696537678,0,0.847250509164969,25.8411405295316,
47.343231441048,5.81310043668122,0.447161572052402,2.17991266375546,0.167685589519651,0.894323144104803,0.670742358078603,0.1117903930131,6.37205240174672,
15.4648212226067,5.57324106113033,4.2076124567474,5.5363321799308,3.94925028835063,6.45905420991926,5.09342560553633,9.81776239907728,7.89850057670127,
3.92862241256246,3.74589578872234,0.274089935760171,4.33975731620271,4.52248394004283,7.6745182012848,24.3026409707352,10.2326909350464,4.97930049964311,
19.0291262135922,0.466019417475728,1.8252427184466,2.33009708737864,2.13592233009709,2.52427184466019,2.01941747572816,11.6116504854369,22.0582524271845,
14.3157894736842,1.89473684210526,1.89473684210526,3.15789473684211,1.05263157894737,4.84210526315789,1.05263157894737,11.5789473684211,24.2105263157895,
14.5267665952891,6.57815845824411,1.37044967880086,5.61884368308351,10.1413276231263,11.237687366167,5.07066381156317,0.9593147751606,8.49678800856531,
19.2493573264782,0.822622107969152,5.59383033419023,3.12596401028278,2.30334190231362,18.2622107969152,6.25192802056555,8.39074550128535,0,
42.6239359038558,0.320480721081622,0.160240360540811,0,0.0640961442163245,0,0.128192288432649,0.640961442163245,20.0620931397096,
26.0419235511714,19.9654747225647,0.710234278668311,6.3921085080148,2.99876695437731,0,1.73612823674476,2.68310727496917,3.47225647348952,
6.91367995961635,7.07521453811207,0.807672892478546,5.49217566885411,13.7627460878344,8.78748107016658,2.3907117617365,4.84603735487128,13.9242806663301,
0.439862542955326,5.49828178694158,1.18762886597938,11.392439862543,4.57457044673539,4.75051546391753,13.459793814433,16.2749140893471,6.42199312714777,
4.282982791587,1.46845124282983,0,0.734225621414914,1.95793499043977,4.89483747609943,13.9502868068834,18.2332695984704,18.4780114722753,
7.63508771929824,1.5719298245614,2.91929824561403,2.47017543859649,5.83859649122807,17.5157894736842,12.3508771929825,9.43157894736842,4.26666666666667,
29.7,4.1,4.3,3.2,3.3,4,1.3,1.5,12.6,
8.72727272727273,4.07272727272727,5.52727272727273,6.69090909090909,6.10909090909091,4.36363636363636,4.36363636363636,12.2181818181818,11.9272727272727,
31.9853814527181,2.77752398355413,0.672453174965738,0,1.75422567382366,1.3741434444952,0.789401553220649,0.584741891274555,24.0621288259479,
1.44749596122779,0,1.96445880452342,8.9951534733441,19.5411954765751,17.4733441033926,8.78836833602585,5.78998384491115,0,
2.8298347476552,1.20053595355069,2.02947744528807,2.60116123269317,2.45824028584189,8.26083072800357,11.4908441268423,22.5529254131309,10.5761500669942,
1.43201376936317,4.21342512908778,1.21170395869191,1.21170395869191,11.9793459552496,23.6833046471601,13.5215146299484,2.56110154905336,4.18588640275387,
15.4033898305085,2.49491525423729,0.325423728813559,1.51864406779661,10.4135593220339,8.46101694915254,8.89491525423729,8.35254237288136,8.13559322033898,
1.6,0.457142857142857,1.6,3.08571428571429,14.9714285714286,20,13.0285714285714,8,1.25714285714286,
11.6070528967254,7.09319899244332,8.78589420654912,2.09571788413098,3.78841309823678,4.51385390428212,6.20654911838791,10.3979848866499,9.51133501259446,
18.7972027972028,2.23776223776224,8.05594405594406,2.68531468531469,3.58041958041958,1.79020979020979,3.58041958041958,12.0839160839161,11.1888111888112,
25.6788096459723,3.7762955361724,1.64186762442278,0.426885582349923,5.2539763981529,5.58234992303746,4.40020523345305,7.15854284248332,10.0810672139559,
2.29105058365759,2.3408560311284,0.398443579766537,6.22568093385214,13.0490272373541,8.56653696498054,10.0607003891051,12.3517509727626,8.715953307393,
9.05282005371531,8.42256042972247,9.08146821844226,1.28916741271262,0.458370635631155,5.29991047448523,8.88093106535363,12.8343777976723,8.68039391226499,
11.048668503214,5.55371900826446,2.14508723599633,2.23324150596878,7.75757575757576,6.55280073461892,7.58126721763085,12.5179063360882,8.60973370064279,
14.9983079526227,8.98815566835871,5.03553299492386,2.2741116751269,6.22673434856176,5.25211505922166,3.0321489001692,2.00338409475465,16.1895093062606,
16.695652173913,7.27759197324415,0,8.77591973244147,4.49498327759197,5.77926421404682,4.92307692307692,10.7023411371237,5.35117056856187,
15.2920353982301,6.5786249149081,1.69911504424779,0.26140231449966,10.9788972089857,8.71341048332199,5.92511912865895,4.05173587474472,10.499659632403,
24.9824561403509,9.82456140350877,6.73684210526316,0.56140350877193,0.842105263157895,1.96491228070175,9.54385964912281,5.6140350877193,3.92982456140351,
40.3320754716981,1.40075471698113,1.49735849056604,0,0.144905660377358,0.531320754716981,0.531320754716981,0.579622641509434,18.982641509434,
12.8,19.6517647058824,7.45411764705882,1.50588235294118,1.50588235294118,2.56,2.03294117647059,3.46352941176471,13.0258823529412,
9.50199733688416,7.58455392809587,8.99067909454061,14.8282290279627,8.35153129161118,9.20372836218375,2.85486018641811,0.255659121171771,2.42876165113182,
11.6028776978417,1.56546762589928,7.27482014388489,2.57841726618705,1.93381294964029,4.18992805755396,4.32805755395683,21.9625899280576,8.56402877697842,
11.7192268565615,4.03662258392675,1.36724313326551,9.5707019328586,4.88301119023398,5.40386571719227,14.5188199389624,7.68260427263479,4.81790437436419,
14.1863979848866,2.74055415617128,2.41813602015113,3.86901763224181,4.19143576826196,9.02770780856423,8.54408060453401,3.86901763224181,15.1536523929471,
11.8174273858921,7.76763485477178,9.75933609958506,2.78838174273859,11.7510373443983,2.12448132780083,2.72199170124481,2.12448132780083,13.1452282157676,
10.0740740740741,9.48148148148148,18.6666666666667,6.51851851851852,5.62962962962963,4.44444444444444,6.81481481481482,0,2.37037037037037,
23.2375189107413,4.79273827534039,2.56580937972769,3.19515885022693,1.69440242057489,2.95310136157337,1.11346444780635,4.4054462934947,20.0423600605144,
27.2521109770808,4.70928829915561,1.23522316043426,2.85645355850422,6.87092882991556,4.70928829915561,2.47044632086852,1.15802171290712,12.7382388419783,
36.5822485207101,4.73372781065089,1.24970414201183,0,1.13609467455621,1.93136094674556,1.09822485207101,4.2792899408284,12.989349112426,
16.7351712614871,9.99832915622389,7.8061821219716,3.47535505430242,4.49122807017544,1.06934001670844,4.43776106934002,6.843776106934,9.14285714285714,
3.69079754601227,2.90552147239264,4.86871165644172,3.92638036809816,10.3656441717791,23.558282208589,7.22453987730061,0.471165644171779,6.98895705521472,
0.845814977973568,1.69162995594714,4.93392070484582,4.08810572687225,6.34361233480176,35.8061674008811,7.04845814977974,3.24229074889868,0,
4.64248704663212,1.32642487046632,0.994818652849741,5.63730569948187,7.62694300518135,20.2279792746114,19.2331606217617,3.64766839378238,0.663212435233161,
14.1900452488688,8.39819004524887,12.4524886877828,9.55656108597285,5.79185520361991,1.73755656108597,1.73755656108597,2.02714932126697,8.10859728506787,
3.4392523364486,0,0.598130841121495,8.22429906542056,30.803738317757,9.27102803738318,2.99065420560748,2.8411214953271,5.83177570093458,
10.0495867768595,0,1.41046831955923,7.22865013774105,22.6556473829201,5.73002754820937,3.34986225895317,2.64462809917355,10.931129476584,
37.3210161662818,4.65588914549654,1.62586605080831,0,0.0369515011547344,1.95842956120092,1.62586605080831,0.886836027713626,15.8891454965358,
24.3734643734644,18.8697788697789,9.43488943488943,0.943488943488943,2.83046683046683,1.17936117936118,0.157248157248157,2.43734643734644,3.77395577395577,
2.96907216494845,1.97938144329897,0.65979381443299,4.94845360824742,15.1752577319588,20.4536082474227,11.8762886597938,3.95876288659794,1.97938144329897,
1.74149659863946,1.74149659863946,4.7891156462585,3.04761904761905,20.8979591836735,16.108843537415,13.4965986394558,2.17687074829932,0,
4.57142857142857,2.49350649350649,3.32467532467532,7.8961038961039,14.961038961039,18.2857142857143,8.31168831168831,1.66233766233766,2.49350649350649,
24.1311475409836,26.0196721311475,3.14754098360656,2.93770491803279,1.88852459016393,2.72786885245902,0.629508196721312,0.839344262295082,1.67868852459016,
5.66371681415929,3.11504424778761,1.98230088495575,8.40117994100295,33.0383480825959,6.04129793510324,1.03834808259587,2.26548672566372,2.45427728613569,
3.672532517215,2.00765110941086,1.27314460596787,4.35807192042846,11.1644988523336,9.64651874521806,0.783473603672532,17.3343534812548,13.7597551644989,
20.3577673167451,11.147276395427,1.635507733692,0.989912575655683,1.67854741089442,0,0.516476126429052,7.27370544720915,20.4008069939475,
23.9483870967742,19.4890322580645,3.30322580645161,6.02838709677419,0.0825806451612903,0.495483870967742,1.40387096774194,0.660645161290323,8.58838709677419,
21.6425120772947,11.7487922705314,3.09178743961353,3.40096618357488,6.4927536231884,4.01932367149758,3.71014492753623,4.01932367149758,5.8743961352657,
6.27450980392157,4.3921568627451,3.76470588235294,5.01960784313725,11.2941176470588,13.1764705882353,13.1764705882353,5.64705882352941,1.25490196078431,
4.74074074074074,0,1.8962962962963,17.5407407407407,19.9111111111111,4.74074074074074,9.48148148148148,5.68888888888889,0,
26.8087167070218,16.271186440678,8.05811138014528,1.23970944309927,1.54963680387409,1.54963680387409,0.929782082324455,2.01452784503632,5.57869249394673,
23.3543859649123,3.59298245614035,1.5719298245614,3.14385964912281,2.91929824561404,7.1859649122807,4.94035087719298,1.5719298245614,15.719298245614,
6.19047619047619,7.90476190476191,4.76190476190476,0.380952380952381,1.9047619047619,4.09523809523809,8.95238095238095,12.2857142857143,17.5238095238095,
33.1524609843938,3.99519807923169,4.60984393757503,2.30492196878751,6.60744297719088,0.883553421368547,2.42016806722689,2.42016806722689,7.6062424969988,
8.65882352941176,1.97647058823529,6.96470588235294,5.74117647058824,7.24705882352941,4.42352941176471,11.0117647058824,7.81176470588235,10.1647058823529,
22.7039106145251,11.6201117318436,4.8268156424581,6.79329608938547,1.25139664804469,0.715083798882682,2.86033519553073,1.96648044692737,11.2625698324022,
6.69767441860465,7.44186046511628,13.3953488372093,7.06976744186047,21.5813953488372,2.97674418604651,1.86046511627907,2.97674418604651,0,
2.23492063492064,3.45396825396825,4.46984126984127,4.67301587301587,20.9269841269841,18.4888888888889,8.12698412698413,1.62539682539683,0,
22.9433962264151,14.8355795148248,7.4177897574124,2.58760107816712,1.72506738544474,1.20754716981132,0.517520215633423,6.55525606469003,6.21024258760108,
12.2689556509299,3.98283261802575,2.51788268955651,19.2274678111588,14.6494992846924,5.08154506437768,0.686695278969957,2.60944206008584,2.97567954220315,
2.83394833948339,1.88929889298893,1.53505535055351,5.13653136531365,12.6937269372694,11.8081180811808,17.0627306273063,9.56457564575646,1.4760147601476,
0.0645161290322581,3.74193548387097,1.41935483870968,11.6774193548387,29.8064516129032,13.2258064516129,3.93548387096774,0.129032258064516,0,
4.75174013921114,1.18793503480278,3.26682134570766,4.0092807424594,4.15777262180974,20.7888631090487,15.5916473317865,5.34570765661253,4.90023201856148,
0.709141274238227,0.709141274238227,1.41828254847645,5.67313019390582,23.4016620498615,16.8421052631579,9.39612188365651,3.01385041551247,2.83656509695291,
0.714285714285714,0,0.571428571428571,6.14285714285714,37.4285714285714,14.5714285714286,4.57142857142857,0,0,
0.938875305623472,0,4.69437652811736,5.1638141809291,35.6772616136919,17.0562347188264,0,0.469437652811736,0,
21.3781512605042,12.7731092436975,7.26050420168067,2.5546218487395,1.74789915966387,4.43697478991597,1.21008403361345,2.01680672268908,10.6218487394958,
23.0600522193212,8.85639686684073,9.02349869451697,1.16971279373368,0.501305483028721,2.33942558746736,4.01044386422976,9.85900783289817,5.18015665796345,
7.68,2.56,2.56,7.68,13.44,9.6,12.8,7.68,0,
17.6761904761905,3.65714285714286,4.26666666666667,11.5809523809524,9.14285714285714,7.92380952380952,4.26666666666667,5.48571428571429,0,
15.4790697674419,2.08372093023256,0.893023255813953,5.06046511627907,5.95348837209302,5.06046511627907,10.1209302325581,8.93023255813953,10.4186046511628,
13.0245614035088,5.38947368421053,2.02105263157895,2.02105263157895,18.1894736842105,11.6771929824561,4.71578947368421,2.91929824561404,4.04210526315789,
4.66472303206997,2.42565597667638,3.54518950437318,8.02332361516035,29.1078717201166,9.70262390670554,4.66472303206997,0.932944606413994,0.932944606413994,
1.6183908045977,0.441379310344828,1.91264367816092,2.64827586206897,30.0137931034483,18.9793103448276,5.59080459770115,2.79540229885057,0,
1.66852886405959,4.52886405959032,4.88640595903166,9.95158286778399,21.1545623836127,11.6201117318436,6.07821229050279,1.25139664804469,2.86033519553073,
7.12871287128713,7.92079207920792,1.58415841584158,12.990099009901,6.97029702970297,9.82178217821782,8.55445544554455,5.06930693069307,3.96039603960396,
1.92964824120603,1.28643216080402,0.964824120603015,2.57286432160804,23.1557788944724,16.4020100502513,11.2562814070352,6.4321608040201,0,
1.64102564102564,0.82051282051282,2.87179487179487,11.0769230769231,20.9230769230769,18.4615384615385,5.74358974358974,1.64102564102564,0.82051282051282,
4.45771144278607,1.91044776119403,3.82089552238806,7.96019900497512,12.0995024875622,11.7810945273632,7.32338308457711,10.8258706467662,3.82089552238806,
3.34328358208955,2.86567164179104,7.64179104477612,5.49253731343284,22.2089552238806,12.6567164179104,2.86567164179104,2.62686567164179,4.29850746268657,
0.435374149659864,0.653061224489796,3.04761904761905,12.4081632653061,33.7414965986395,9.14285714285714,2.82993197278912,1.74149659863946,0,
0,0,0.566371681415929,0.943952802359882,2.26548672566372,40.4011799410029,11.8938053097345,6.04129793510324,1.88790560471976,
6.62857142857143,7.42857142857143,8.28571428571429,3.37142857142857,5.31428571428571,11.2571428571429,3.88571428571429,8.45714285714286,9.37142857142857,
20.1200631911532,8.59399684044234,10.1105845181675,12.8404423380727,1.21327014218009,1.51658767772512,1.01105845181675,2.12322274881517,6.47077409162717,
21.240478781284,6.96409140369967,0.348204570184984,0,0.348204570184984,0,0.800870511425462,3.86507072905332,30.4330794341676,
19.293908403735,4.0124499777679,3.04490884837706,3.27256558470431,1.50822587816807,0,11.1267229879947,10.1591818586038,11.5820364606492,
46.756183745583,5.03180212014134,4.12720848056537,0.113074204946996,0.0565371024734982,0,0.169611307420495,0.226148409893993,7.51943462897527,
8.62754212667054,5.95002905287623,7.06565950029053,2.67751307379431,13.6850668216153,4.4253341080767,2.97501452643812,5.57815223707147,13.0156885531668,
13.7704918032787,5.18032786885246,5.9344262295082,12.9180327868852,8.0983606557377,3.50819672131148,0.327868852459016,3.24590163934426,11.016393442623,
25.518341307815,2.80701754385965,1.78628389154705,2.80701754385965,3.67464114832536,1.0207336523126,2.60287081339713,3.41945773524721,20.3636363636364,
10.2773722627737,5.60583941605839,4.67153284671533,22.8126520681265,9.7323600973236,2.95863746958637,3.27007299270073,2.8029197080292,1.86861313868613,
6.44155844155844,7.16883116883117,6.12987012987013,7.27272727272727,8.31168831168831,12.8831168831169,9.97402597402597,1.87012987012987,3.94805194805195,
21.919313304721,8.13047210300429,3.95536480686695,1.70300429184549,0.714163090128755,0,0.466952789699571,3.131330472103,23.9793991416309,
18.0813484792964,6.40234518138512,2.67350677903994,0.773909857090509,10.412605349945,3.58812751923782,0.96152436790033,10.2484426529864,10.8581898131184,
20.6940063091483,4.4416403785489,0.302839116719243,9.08517350157729,2.52365930599369,2.62460567823344,2.1198738170347,2.01892744479495,20.1892744479495,
22.4702194357367,8.42633228840125,8.02507836990596,5.11598746081505,2.40752351097179,1.80564263322884,3.81191222570533,3.91222570532915,8.02507836990596,
11.3230769230769,5.66153846153846,7.13846153846154,6.64615384615385,3.32307692307692,1.84615384615385,3.81538461538462,14.0307692307692,10.2153846153846,
26.6147426981919,8.36717663421419,3.73852573018081,1.60222531293463,0.801112656467316,1.06815020862309,1.15716272600835,5.34075104311544,15.3101529902643,
6.38331160365059,6.96740547588005,5.04823989569752,32,10.6179921773142,1.02216427640156,0.375488917861799,1.58539765319426,0,
1.8018018018018,0.576576576576577,0.972972972972973,45.0450450450451,9.58558558558559,3.20720720720721,0.972972972972973,1.11711711711712,0.720720720720721,
29.3593029215787,4.03485392106612,1.44336237826756,2.98513582778063,4.69092772936955,0.459251665812404,3.34597642234751,4.33008713480267,13.3511019989749,
1.05650793650794,4.55111111111111,3.08825396825397,4.46984126984127,23.6901587301587,19.5453968253968,2.31619047619048,4.14476190476191,1.13777777777778,
18.381954887218,8.51729323308271,4.76390977443609,1.92481203007519,3.84962406015038,9.19097744360902,1.01052631578947,1.44360902255639,14.9172932330827,
12.1708299758259,7.99355358581789,9.4375503626108,7.52941176470588,7.63255439161966,2.37228041901692,9.23126510878324,5.56970185334408,2.06285253827558,
11.9933665008292,9.87064676616915,7.53565505804312,10.5074626865672,5.73134328358209,2.06965174129353,3.50248756218905,3.71475953565506,9.07462686567164,
23.5627009646302,3.70418006430868,1.02893890675241,1.02893890675241,0,0.411575562700965,2.26366559485531,4.63022508038585,27.3697749196141,
8.3680387409201,12.3970944309927,8.05811138014528,10.6924939467312,9.14285714285714,9.76271186440678,3.409200968523,2.16949152542373,0,
9.19272727272727,5.23636363636364,3.95636363636364,15.8836363636364,8.96,8.26181818181818,4.94545454545455,3.02545454545455,4.53818181818182,
0.577397910731244,0,2.82621082621083,17.1092117758784,13.644824311491,5.31813865147199,24.2203228869896,0,0.303893637226971,
0,3.47781350482315,4.03344051446945,8.72540192926045,31.0533762057878,9.81607717041801,5.2887459807074,1.60514469453376,0,
7.33279352226721,4.35303643724696,4.79352226720648,9.9497975708502,17.2307692307692,3.26477732793522,9.37975708502024,3.36842105263158,4.32712550607287,
0.472573839662447,3.30801687763713,10.0590717299578,20.0506329113924,19.5105485232068,6.61603375527426,0.20253164556962,1.28270042194093,2.49789029535865,
0,3.49213011542497,9.53620146904512,17.5278069254984,22.6988457502623,6.37985309548793,2.21615949632739,1.47743966421826,0.671563483735572,
19.0087873462214,3.82425307557118,12.1476274165202,3.59929701230228,3.48681898066784,1.4622144112478,3.03690685413005,6.18629173989455,11.2478031634446,
0.27379679144385,0,3.35401069518717,29.3647058823529,26.4898395721925,3.97005347593583,0.205347593582888,0.342245989304813,0,
4.89568845618915,3.20445062586926,5.69680111265647,19.4937413073713,9.65785813630042,0.801112656467316,6.3643949930459,12.4172461752434,1.46870653685675,
5.17446808510638,0,1.16717325227964,0.505775075987842,0.778115501519757,4.86322188449848,13.1112462006079,10.0376899696049,28.3623100303951,
0.266666666666667,7.73333333333333,10.6666666666667,5.6,5.6,10.1333333333333,12.2666666666667,11.7333333333333,0,
12.2092307692308,10.24,19.6923076923077,8.07384615384616,8.66461538461539,1.57538461538462,3.54461538461538,0,0,
12.8135593220339,4.92655367231638,10.5988700564972,6.16949152542373,9.83050847457627,6.62146892655367,0.971751412429378,4,8.06779661016949,
5.75931842385516,2.62406815761448,9.20127795527157,13.6315228966986,23.4121405750799,6.13418530351438,0,0.920127795527157,2.31735889243876,
12.5543710021322,1.09168443496802,0.955223880597015,8.93816631130064,10.0980810234542,2.79744136460554,5.04904051172708,7.16417910447761,15.3518123667377,
0,3.38983050847458,14.2372881355932,26.0338983050848,15.5254237288136,4.06779661016949,0.271186440677966,0.271186440677966,0.203389830508475,
17.7255902999362,2.49138481174218,7.47415443522655,9.23037651563497,0.776005105296745,4.04339502233567,3.18570516911295,4.37013401403957,14.7032546266752,
19.0492505353319,11.7516059957173,13.0535331905782,8.8051391862955,7.22912205567452,0.650963597430407,0,0.0685224839400428,3.39186295503212,
29.2663316582915,9.64824120603015,0.964824120603015,2.57286432160804,1.92964824120603,0.64321608040201,1.60804020100502,6.75376884422111,10.6130653266332,
30.8388969521045,2.87953555878084,0.928882438316401,0.4644412191582,0.0928882438316401,7.15239477503628,1.02177068214804,10.9143686502177,9.70682148040639,
5.3516609392898,5.03398243604429,7.01336387934326,29.1775486827033,11.069873997709,5.49828178694158,0,0.85528827796869,0,
1.63514119229045,1.20484087852981,5.07754370237562,36.4034065441506,15.2326311071268,3.01210219632452,0.94666069027342,0.487673688928732,0,
0.929460580912863,1.75933609958506,8.19917012448133,34.1244813278008,12.3153526970954,2.22406639004149,2.35684647302905,0.298755186721992,1.79253112033195,
1.04211117349803,1.83267827063448,11.9303761931499,36.7973048848961,11.1038742279618,1.04211117349803,0,0,0.251544076361595,
5.61226897365317,3.3220605583956,7.29846637829336,37.7506881635863,6.84545812033032,0.805348014156508,0.100668501769564,1.18285489579237,1.08218639402281,
10.4003768252473,14.9222797927461,4.03956665096561,10.3400847856806,2.89401789919925,7.35562882713142,1.56759302873292,6.05934997644842,6.42110221384833,
12.1183431952663,9.0887573964497,6.05917159763314,1.51479289940828,1.51479289940828,0.757396449704142,7.95266272189349,12.1183431952663,12.8757396449704,
45.4149466192171,2.50533807829182,0.227758007117438,0.318861209964413,0.0911032028469751,0.273309608540925,0.18220640569395,4.05409252669039,10.932384341637,
13.4654752233956,29.5824532900081,4.26320064987815,7.95450852965069,4.57514216084484,0.467912266450041,1.03980503655565,0,2.6515028432169,
5.52156862745098,5.10326797385621,12.3816993464052,25.9346405228758,5.43790849673203,5.35424836601307,1.42222222222222,1.08758169934641,1.75686274509804,
2.36842105263158,4,6.68421052631579,29.0526315789474,10.6842105263158,1.89473684210526,0.421052631578947,3.05263157894737,5.84210526315789,
2.03821656050955,4.07643312101911,18.6157112526539,17.8004246284501,5.16348195329087,5.57112526539278,4.89171974522293,3.6687898089172,2.17409766454352,
4.26666666666667,2.53693693693694,8.53333333333334,26.7531531531532,4.84324324324324,5.3045045045045,1.15315315315315,3.22882882882883,7.38018018018018,
15.1125198098257,0.405705229793978,7.70839936608558,12.3740095087163,6.03486529318542,2.15530903328051,0.431061806656101,5.07131537242472,14.7068145800317,
1.5609756097561,1.4453477868112,0.28906955736224,3.29539295392954,33.1851851851852,21.9692863595303,0.809394760614273,1.09846431797651,0.346883468834688,
15.8520041109969,0.493319630010277,0.42754367934224,13.3854059609455,13.4182939362795,7.39979445015416,4.83453237410072,4.73586844809866,3.45323741007194,
12.0579710144928,14.3618513323983,4.81720430107527,5.59513791491351,8.19822346891071,0.748013090229079,8.13838242169238,7.7194950911641,2.36372136512389,
1.84126984126984,4.82539682539683,10.1587301587302,36.1269841269841,7.93650793650794,2.03174603174603,0.825396825396825,0.126984126984127,0.126984126984127,
1.00427960057061,2.09985734664765,5.29529243937233,28.3937232524964,22.7332382310984,2.64764621968616,0,1.00427960057061,0.821683309557775,
1.55110642781876,2.52897787144363,0.438356164383562,50.2423603793467,7.08113804004215,0.944151738672287,1.14646996838778,0,0.0674394099051633,
0.487433358720487,0.38994668697639,6.28789032749429,42.8453922315308,6.28789032749429,4.58187357197258,0.292460015232292,2.0959634424981,0.731150038080731,
22.006528835691,15.3210010881393,4.10881392818281,8.35690968443961,7.59085963003264,1.67138193688792,1.32317736670294,0.905331882480958,2.71599564744287,
19.4585858585859,5.55959595959596,3.42626262626263,8.72727272727273,6.98181818181818,6.78787878787879,4.58989898989899,4.00808080808081,4.46060606060606,
13.8178708849936,5.28088926891834,1.751175716118,7.71611799914493,2.1889696451475,4.54211201368106,3.20136810602822,6.81316802052159,18.6883283454468,
23.337807606264,16.3507829977629,0.887695749440716,2.46263982102908,1.9758389261745,2.86353467561521,4.89664429530201,5.89888143176734,5.3261744966443,
1.09068776628119,1.71393791844187,4.36275106512477,39.0310407790627,14.7242848447961,1.16859403530128,1.24650030432136,0.194765672550213,0.467437614120511,
2.36162361623616,1.36974169741697,4.81771217712177,38.5889298892989,10.9579335793358,2.21992619926199,1.84206642066421,1.51143911439114,0.330627306273063,
0.715883668903803,2.57718120805369,3.29306487695749,37.7986577181208,12.7427293064877,3.00671140939597,0.715883668903803,2.14765100671141,1.00223713646532,
0.451101321585903,0.78942731277533,8.00704845814978,42.911013215859,9.64229074889868,1.80440528634361,0.281938325991189,0.112775330396476,0,
8.60411899313501,10.8741418764302,14.0228832951945,15.4141876430206,5.49199084668192,1.83066361556064,0.988558352402746,1.09839816933638,5.67505720823799,
12.5430533544638,8.55361859482303,11.9006867406233,19.000528262018,4.53037506603275,0,0.405705229793978,2.33280507131537,4.73322768092974,
16.4907975460123,2.40490797546012,4.1717791411043,0.098159509202454,1.47239263803681,0.392638036809816,5.34969325153374,16.1963190184049,17.4233128834356,
7.60888888888889,7.82222222222222,13.0133333333333,8.74666666666667,5.97333333333333,2.98666666666667,0.711111111111111,7.39555555555556,9.74222222222222,
2.74089935760171,3.70021413276231,3.28907922912206,36.3169164882227,10.9635974304069,3.28907922912206,1.78158458244111,0.274089935760171,1.64453961456103,
0.541455160744501,0.2165820642978,12.3451776649746,36.7106598984772,11.2622673434856,2.2741116751269,0.649746192893401,0,0,
0.10958904109589,0.438356164383562,3.50684931506849,24.5479452054795,29.1506849315069,5.58904109589041,0.657534246575342,0,0,
0,0,1.38228941684665,24.8812095032397,33.1058315334773,3.80129589632829,0.552915766738661,0.27645788336933,0,
7.86564885496183,5.2763358778626,1.85648854961832,22.5709923664122,10.9435114503817,1.07480916030534,6.05801526717557,2.58931297709924,5.76488549618321,
7.46769527483124,10.2757955641273,20.1812921890068,11.5409836065574,1.11089681774349,2.71552555448409,3.39440694310511,0.802314368370299,6.51108968177435,
6.07551240560949,7.8705501618123,9.00970873786408,13.4973031283711,7.8705501618123,3.41747572815534,3.17583603020496,7.21467098166127,5.86839266450917,
4.22240663900415,5.94854771784232,13.2514522821577,14.6323651452282,11.6846473029046,4.24896265560166,0.345228215767635,6.53278008298755,3.13360995850622,
0.167612396333479,0.0558707987778263,0.558707987778263,55.7590571802706,6.78830205150589,0.419030990833697,0,0.0558707987778263,0.195547795722392,
0,0.0715483510340973,21.0352152040246,34.6294019005031,7.04751257685858,0.572386808272778,0,0.643935159306875,0,
2.71954674220963,1.08781869688385,9.24645892351275,27.1954674220963,23.0254957507082,0.725212464589235,0,0,0,
0.177777777777778,0.355555555555556,3.02222222222222,37.8666666666667,20.6222222222222,1.06666666666667,0.888888888888889,0,0,
29.4351145038168,10.2595419847328,0.977099236641221,4.82442748091603,0.366412213740458,1.2824427480916,0.427480916030534,0.549618320610687,15.8778625954198,
3.19761372110365,0.811334824757644,9.30648769574944,4.0089485458613,4.39075316927666,2.24310216256525,9.92692020879941,19.1856823266219,10.9291573452647,
31.1936339522546,4.79575596816976,3.39522546419098,2.16445623342175,5.81432360742706,2.12201591511936,0.891246684350133,3.69230769230769,9.93103448275862,
6.6,6.93333333333333,6.13333333333333,3.66666666666667,8.46666666666667,6.86666666666667,2.26666666666667,8.33333333333333,14.7333333333333,
0.739884393063584,0.369942196531792,12.2080924855491,31.4450867052023,12.7630057803468,4.6242774566474,0.739884393063584,1.10982658959538,0,
0.740359897172236,4.3598971722365,16.6992287917738,31.3419023136247,8.47300771208226,1.15167095115681,0.329048843187661,0.740359897172236,0.16452442159383,
0.673684210526316,0.898245614035088,42.5918128654971,11.153216374269,5.38947368421053,1.49707602339181,1.49707602339181,0.299415204678363,0,
0.475836431226766,1.66542750929368,3.80669144981413,15.9405204460967,32.8327137546468,5.94795539033457,3.33085501858736,0,0,
3.41984732824427,0.13958560523446,10.6782988004362,9.07306434023991,10.3991275899673,2.86150490730643,2.37295528898582,25.0556161395856,0,
12.7243163340724,14.9475240206948,7.18994826311899,9.60236511456024,4.30450849963045,1.04065040650406,2.74353288987435,4.5410199556541,6.90613451589061,
23.0234438156831,4.65642683912692,2.06952303961196,6.1050929668553,1.34518997574778,1.86257073565077,7.13985448666128,2.48342764753436,15.3144704931285,
10.2559833506764,10.7221644120708,8.39125910509886,3.39646201873049,6.26014568158169,3.72944849115505,4.99479708636837,2.13111342351717,14.1186264308012,
11.4239350912779,2.72616632860041,4.41379310344828,5.45233265720081,6.49087221095335,2.85598377281947,2.20689655172414,2.3367139959432,26.0933062880325,
21.1742372881356,11.1945762711864,5.12,8.98169491525424,3.12406779661017,5.20677966101695,0.650847457627119,2.34305084745763,6.20474576271187,
1.92481203007519,5.29323308270677,41.3032581453634,11.9498746867168,0,0.882205513784461,1.04260651629073,1.36340852130326,0.240601503759398,
0.0968962906888721,4.6994700984103,49.1748675246026,4.40878122634368,3.14912944738834,0.872066616199849,0,0.24224072672218,1.35654806964421,
5.06122448979592,3.26530612244898,20.2448979591837,20.0816326530612,7.51020408163265,2.93877551020408,2.12244897959184,0.326530612244898,2.44897959183673,
2.5531914893617,2.21276595744681,18.0425531914894,18.7234042553191,15.4893617021277,4.08510638297872,0.680851063829787,1.87234042553191,0.340425531914894,
10.1880341880342,6.97435897435897,5.88034188034188,9.0940170940171,4.30769230769231,2.5982905982906,3.62393162393162,14.6324786324786,6.7008547008547,
3.89796980739198,4.69755335762624,3.29828214471629,9.09526288391463,7.39614783966684,7.66267568974492,11.3607496095783,10.0947423217074,6.49661634565331,
8.85413533834586,3.94586466165414,2.5984962406015,22.1353383458647,12.8481203007519,5.00451127819549,0.673684210526316,3.89774436090226,4.04210526315789,
24.2255033557047,3.09261744966443,0.687248322147651,1.33154362416107,1.11677852348993,1.41744966442953,1.24563758389262,3.73691275167785,27.1463087248322,
4.33548387096774,11.9741935483871,28.0774193548387,11.3548387096774,5.16129032258065,0.619354838709677,1.65161290322581,0,0.825806451612903,
16.3068493150685,9.11780821917808,3.50684931506849,8.59178082191781,2.1041095890411,3.50684931506849,3.33150684931507,2.45479452054794,15.0794520547945,
0.306464485235435,0,46.9401436552275,12.5650438946528,1.68555466879489,1.68555466879489,0.255387071029529,0.204309656823623,0.357541899441341,
0.188976377952756,3.21259842519685,44.7874015748031,13.1653543307087,0.62992125984252,0.881889763779528,0.755905511811024,0.377952755905512,0,
1.54385964912281,8.14035087719298,28.3508771929825,22.4561403508772,2.24561403508772,0.701754385964912,0.280701754385965,0.280701754385965,0,
2.22332506203474,4.76426799007444,16.3573200992556,27.4739454094293,7.78163771712159,1.42928039702233,1.90570719602978,2.06451612903226,0,
1.33475935828877,1.50588235294118,5.8524064171123,29.8780748663102,22.7593582887701,1.36898395721925,0.171122994652406,1.12941176470588,0,
0.0625,2.84375,0.5625,37.53125,15.78125,2.84375,1.5,0,2.875,
3.41065830721003,14.6457680250784,29.2915360501567,10.6332288401254,4.01253918495298,0.401253918495298,0.200626959247649,1.00313479623824,0.401253918495298,
13.6357388316151,14.5154639175258,13.8556701030928,0.879725085910653,1.75945017182131,2.4192439862543,4.39862542955326,4.1786941580756,8.3573883161512,
14.9461077844311,9.58083832335329,3.44910179640719,1.91616766467066,2.29940119760479,2.29940119760479,11.8802395209581,8.04790419161677,9.58083832335329,
2.44938271604938,13.9851851851852,42.2716049382716,3.47654320987654,0.395061728395062,0.158024691358025,0.237037037037037,0,1.02716049382716,
1.13922441195168,2.97012078830261,32.0610298792117,20.3432930705658,4.23140495867769,1.87158296249205,0.895104895104895,0.488239033693579,0,
1.51824817518248,0.35036496350365,5.72262773722628,8.64233576642336,37.6058394160584,9.22627737226277,0,0.233576642335766,0.700729927007299,
0.179775280898876,0,2.69662921348315,3.7752808988764,46.561797752809,8.62921348314607,0.539325842696629,0.98876404494382,0.629213483146067,
0.056091148115688,0,0.56091148115688,28.8869412795793,30.2892199824715,3.47765118317266,0.112182296231376,0.448729184925504,0.168273444347064,
3.35683576956148,3.13671539122958,6.32846087704213,2.80653482373173,8.03439380911436,7.70421324161651,8.30954428202923,17.1143594153052,7.20894239036973,
8.499604743083,4.80632411067194,4.35098814229249,5.05928853754941,7.18418972332016,8.95494071146245,8.85375494071146,9.20790513833992,7.08300395256917,
9.37842190016103,8.2962962962963,7.88405797101449,7.23993558776167,14.2737520128824,7.52334943639291,0.798711755233494,5.92592592592593,2.67954911433172,
0.906703524533518,3.36143745680719,7.58534899792674,4.42294402211472,20.2128541810643,10.371803731859,8.82377332411887,2.54319281271596,5.77194194885971,
2.9901414487784,4.22460351478783,3.09987141020146,13.4144877839691,8.50407201028718,16.5143591941706,3.34676382340334,9.38191170167167,2.52378911273039,
4.22194821208385,5.64241676942047,8.83847102342787,8.12823674475956,5.87916152897657,10.2194821208385,12.3896424167694,5.68187422934649,2.99876695437731,
5.59848961611076,2.61799874134676,4.79295154185022,3.18187539332914,9.50534927627439,17.6010069225928,10.351164254248,6.16236626809314,4.18879798615481,
3.76923076923077,9.84615384615385,4.30769230769231,8.76923076923077,4.73076923076923,7.46153846153846,9.34615384615384,3.76923076923077,12,
1.01401584399756,0.936014625228519,0.663010359536868,0.195003046922608,8.93113954905545,20.3583180987203,19.5783059110299,6.20109689213894,6.1230956733699,
2.68497330282227,2.14797864225782,8.25019069412662,9.22654462242563,4.83295194508009,2.53852021357742,6.83447749809306,21.1868802440885,6.2974828375286,
2.11384399156711,2.78847505270555,7.42094167252284,11.243851018974,7.9156711173577,10.4342937456079,7.60084328882642,7.73576950105411,6.7463106113844,
10.3073130649137,15.3557929334429,11.0435497124076,7.83566146261298,4.0493015612161,5.67953985209532,2.8923582580115,0.841413311421528,5.99506984387839,
6.17334575955265,10.8853681267474,7.93289841565704,11.9589934762349,1.34203168685927,5.39794967381174,7.33643988816403,8.38024231127679,4.59273066169618,
6.70622009569378,9.30909090909091,4.5933014354067,9.06411483253589,5.26698564593301,13.7186602870813,3.98086124401914,5.38947368421053,5.97129186602871,
9.82677165354331,3.11524695776664,5.680744452398,11.0408017179671,11.5905511811024,9.04795991410165,5.4974946313529,2.17609162491052,6.02433786685755,
3.61246840775063,3.85509688289806,8.41112047177759,8.76158382476832,7.06318449873631,16.4987363100253,9.893850042123,2.26453243470935,3.63942712721146,
1.97884458909683,8.07160292921074,3.64524003254679,5.72823433685924,14.4247355573637,8.01952807160293,11.873067534581,6.14483319772172,4.11391375101709,
-14.2469135802469,31.7530864197531,1.20987654320988,4.09876543209877,4.69135802469136,13.1111111111111,11.7037037037037,8.76543209876543,2.91358024691358,
6.02690582959641,4.22293401665599,2.29596412556054,7.78987828315183,17.137732222934,9.30685458039718,10.2498398462524,0.860986547085202,6.10890454836643,
3.83148558758315,1.93939393939394,5.43976348854398,5.96008869179601,15.3732446415373,13.1973392461197,7.23725055432373,5.29785661492979,5.72357723577236,
7.6132701421801,7.94691943127962,7.27962085308057,8.18957345971564,14.0739336492891,4.03412322274882,5.70236966824645,2.63886255924171,6.52132701421801,
2.94756041951664,6.50797993616051,6.44961240310078,9.07615139078887,17.9188326493388,3.26858185134519,5.86593707250342,4.87368901048792,7.09165526675787,
1.78708551483421,3.94648051192554,7.22280395578825,17.4985456660849,6.88772542175684,8.82373472949389,10.499127399651,4.61663757998836,2.71785922047702,
1.88776978417266,4.14388489208633,13.6748201438849,8.24172661870504,4.69640287769784,4.23597122302158,11.0503597122302,11.8330935251799,4.23597122302158,
1.37964071856287,6.9748502994012,12.212375249501,4.11337325349301,4.11337325349301,18.9061876247505,14.7161676646707,0.792015968063872,0.792015968063872,
1.26414462671577,3.02109139604955,5.78506863073318,4.94944760629394,13.8627385336458,13.219953130231,6.96350853699364,7.69199866086374,7.24204887847339,
8.90644099670898,12.3667136812412,3.94170192759756,7.49224259520451,2.4974141984015,7.01081335213916,4.12223789374706,7.7028678890456,9.95956746591443,
8.77234803337306,8.69606674612634,4.88200238379023,8.69606674612634,5.56853396901073,0.915375446960667,6.10250297973778,11.5184743742551,8.84862932061979,
15.1546589817483,24.8991354466859,9.28338136407301,2.67435158501441,2.39769452449568,2.09029779058598,2.059558117195,0.860710854947166,4.58021133525456,
7.50941574118783,11.5886045388701,10.2597778850797,7.26219217769194,11.835828102366,9.36359246740705,2.62675036214389,0.988894253983583,2.56494447126992,
7.23141993957704,1.23746223564955,8.85558912386707,4.29244712990937,13.4960725075529,9.47432024169184,8.85558912386707,8.81691842900302,1.74018126888218,
6.45833333333333,8.83333333333333,10.1666666666667,8.625,8.20833333333333,4.04166666666667,3.79166666666667,3.66666666666667,10.2083333333333,
2.34718826405868,0.834555827220864,1.40831295843521,1.40831295843521,8.18907905460473,24.9323553382233,13.8744906275469,8.60635696821516,2.39934800325998,
13.3215006050827,2.27188382412263,0.258168616377572,2.7107704719645,2.91730536506656,4.8793868495361,2.78822105687777,4.02743041549012,30.825332795482,
24.8659127625202,16.6978998384491,3.20516962843296,1.75767366720517,1.70597738287561,0.155088852988691,0.155088852988691,1.1373182552504,14.3198707592892,
1.07362534948742,1.96831314072693,5.30848089468779,9.96085740913327,17.8937558247903,19.6831314072693,4.05591798695247,2.20689655172414,1.84902143522833,
6.37925445705024,11.6693679092383,3.00810372771475,5.75688816855754,3.63047001620746,8.6612641815235,7.20907617504052,8.97244732576985,8.71312803889789,
19.7446808510638,20.7659574468085,4.96048632218845,1.70212765957447,4.32826747720365,3.11246200607903,2.18844984802432,1.41033434650456,5.78723404255319,
3.31851851851852,10.8562962962963,16.0711111111111,11.9940740740741,3.74518518518518,3.03407407407407,5.45185185185185,6.77925925925926,2.74962962962963,
4.64030131826742,6.26741996233522,11.0885122410546,4.27871939736347,8.43691148775894,5.30320150659134,9.94350282485876,10.0037664783427,4.0376647834275,
4.62580054894785,0.292772186642269,3.8060384263495,3.39615736505032,10.4226898444648,4.74290942360476,16.6880146386093,11.4766697163769,8.54894784995425,
41.0704225352113,5.26760563380282,0,1.23943661971831,0,1.46478873239437,2.33802816901408,0.450704225352113,12.169014084507,
25.1928429423459,5.53479125248509,12.8508946322068,3.56262425447316,0,3.43538767395626,3.94433399602386,4.96222664015905,4.5168986083499,
1.69312169312169,1.35449735449735,2.70899470899471,7.61904761904762,19.6402116402116,12.6984126984127,5.24867724867725,10.4973544973545,2.53968253968254,
10.2352941176471,6.23529411764706,6,3.88235294117647,3.88235294117647,9.29411764705882,8.23529411764706,6.35294117647059,9.88235294117647,
15.7805605247466,13.9296362552177,8.58676207513417,7.97614788312463,6.75491949910554,3.39654144305307,1.98449612403101,1.25939177101968,4.33154442456768,
11.6465769455822,16.6272674078408,4.19426565242832,3.52018724400234,6.92802808660035,4.00702165008777,1.83499122293739,4.30661205383265,10.9350497366881,
7.82030548068284,6.0952380952381,11.7304582210243,9.60287511230907,3.04761904761905,3.50763701707098,5.23270440251572,3.27762803234501,13.685534591195,
3.4275161588181,3.1320406278855,3.48661126500462,10.4598337950139,14.8328716528163,15.4238227146814,7.8005540166205,0.650046168051708,4.78670360110803,
22.0910746812386,18.1857923497268,4.08014571948998,1.54462659380692,2.62295081967213,0.408014571948998,1.60291438979964,3.87613843351548,9.58834244080146,
-12.5333333333333,39.68,5.06666666666667,3.57333333333333,1.12,6.77333333333333,9.12,0.426666666666667,10.7733333333333,
1.3027989821883,2.60559796437659,16.1221374045802,12.7022900763359,12.7022900763359,7.81679389312977,4.07124681933842,5.37404580152672,1.3027989821883,
2.1839762611276,0.759643916913947,0,0,3.03857566765579,15.0029673590504,20.700296735905,20.3204747774481,1.99406528189911,
25.1842735042735,10.24,6.95794871794872,0,0.918974358974359,1.31282051282051,0.240683760683761,5.47008547008547,13.6752136752137,
9.89564384873145,13.4801340354236,12.7754906653901,8.70081378650072,3.98276687410244,3.5844901866922,3.76831019626616,0.582096696984203,7.23025370990905,
6.63524976437323,2.5937794533459,16.2262016965127,7.47973609802074,8.02262016965127,8.02262016965127,4.22243166823751,7.05749293119698,3.73986804901037,
4.76739283204498,3.3281799016163,6.43148278285313,7.10611384399157,19.879128601546,10.8840477863668,2.42867182009838,3.55305692199578,5.621925509487,
7.87650085763293,18.4699828473413,9.35849056603774,6.75128644939966,2.74442538593482,3.67753001715266,4.99485420240137,1.39965694682676,8.72727272727273,
22.8093994778068,19.7737162750218,5.62576153176675,4.42819843342037,1.08616187989556,0.0835509138381201,0.194952132288947,2.33942558746736,7.65883376849434,
6.97206703910614,1.07262569832402,2.50279329608939,1.43016759776536,2.14525139664804,0.357541899441341,1.7877094972067,1.96648044692737,45.7653631284916,
6.34013605442177,5.52380952380952,2.31292517006803,1.93197278911565,5.03401360544218,7.83673469387755,12.8163265306122,5.55102040816327,16.6530612244898,
5.37062937062937,6.09359870898332,4.16568047337278,8.77891339429801,16.4217321140398,5.06078536847768,4.13125336202259,3.99354491662184,9.9838622915546,
9.57645134914146,5.12837285363859,7.58789860997547,1.83156173344235,8.84382665576451,8.63450531479967,5.96565821749796,11.7219950940311,4.70973017170891,
6.75105485232067,6.42700421940928,4.15864978902954,2.37637130801688,8.37130801687764,10.9097046413502,5.23881856540084,6.75105485232067,13.0160337552743,
4.20372321742185,3.03477344573235,5.35019318580962,13.2855637513172,11.2399016508606,14.184755883386,7.10361784334387,1.23638918159466,4.36108184053389,
2.79406919275124,2.60955518945634,3.21581548599671,3.47940691927512,24.5140032948929,7.61779242174629,4.77100494233937,11.835255354201,3.16309719934102,
9.83409170458523,15.2999649982499,14.9639481974099,11.5141757087854,6.45152257612881,2.17290864543227,0.537626881344067,2.57612880644032,0.649632481624081,
16.5967042497832,1.22116218560278,4.77363399826539,2.10928013876843,5.93928881179532,18.0954032957502,3.66348655680833,5.21769297484822,6.38334778837814,
25.2976827094474,12.0926916221034,3.85026737967914,0.884135472370767,0.541889483065954,0.114081996434938,1.96791443850267,1.31194295900178,17.9393939393939,
14.5529715762274,3.72093023255814,4.29974160206718,2.81136950904393,7.85529715762274,4.54780361757106,2.31524547803618,7.02842377260982,16.8682170542636,
8.0146252285192,3.68555758683729,2.57404021937843,5.90859232175503,7.95612431444241,8.77513711151737,5.73308957952468,10.3546617915905,10.9981718464351,
6.37387755102041,3.23918367346939,0.940408163265306,8.72489795918368,7.15755102040816,9.24734693877551,10.8669387755102,9.29959183673469,8.15020408163265,
3.98164201937787,2.67618561958185,5.6787353391127,15.5022947475778,3.68791432942376,12.3039265680775,7.27791942886283,8.35492095869454,4.53646098929118,
5.50294464075383,4.82449941107185,6.4075382803298,8.59363957597173,16.6595995288575,10.7043580683157,5.50294464075383,3.1660777385159,2.63839811542992,
18.2182116488925,3.51763740771124,8.97785069729286,4.30516817063167,4.09515996718622,4.88269073010664,7.03527481542248,6.72026251025431,6.24774405250205,
24.0902934537246,5.63431151241535,0.830699774266366,1.84198645598194,0.469525959367946,0.216704288939052,0,3.82844243792325,27.0880361173815,
22.3816355810617,3.83357245337159,2.91535150645624,0.459110473457676,3.05308464849354,5.85365853658537,2.27259684361549,9.27403156384505,13.9569583931133,
18.953421506613,4.747556066705,1.03047728579643,4.67395054629097,6.99252443933295,4.747556066705,2.50258769407706,6.21966647498562,14.132259919494,
7.16539440203562,9.73027989821883,7.53180661577608,11.236641221374,10.381679389313,9.20101781170484,3.33842239185751,2.3206106870229,3.0941475826972,
2.74135090609555,3.444261394838,14.6908292147172,10.895112575508,4.92037342119714,10.332784184514,9.7001647446458,5.34211971444261,1.93300384404174,
2.45091693635383,1.89859762675297,7.66343042071198,6.17907227615965,9.45846817691478,15.8791801510248,7.28371089536138,7.59439050701187,5.59223300970874,
6.19465240641711,5.88663101604278,3.31978609625668,15.8459893048128,16.4620320855615,7.97433155080214,3.97005347593583,1.36898395721925,2.97754010695187,
4.55368693402329,7.65847347994825,2.8150064683053,6.70633893919793,11.9223803363519,8.32082794307891,8.32082794307891,3.4359637774903,10.2664941785252,
15.7504332755633,7.90294627383016,3.2998266897747,1.4419410745234,0.0277296360485269,0.776429809358752,1.69150779896014,7.51473136915078,25.5944540727903,
18.9601427721594,10.1273051754908,1.86555621653778,3.46460440214158,4.11183819155265,2.17013682331945,0.723378941106484,4.60678167757287,17.970255800119,
10.5614727153189,8.03681788297173,5.84878369493754,3.99737015121631,4.12360289283366,9.13083497698882,1.89349112426036,11.9921104536489,8.4155161078238,
4.43530048727666,5.40552246886844,10.9496480779643,8.97455332972388,12.612885760693,8.55874390904169,0.554412560909583,9.07850568489442,3.43042772062805,
0.203497615262321,1.88235294117647,6.2066772655008,20.5532591414944,17.5007949125596,11.9046104928458,4.01907790143084,1.72972972972973,0,
4.63125481139338,4.18783679753657,3.74441878367975,14.4849884526559,7.73518090839107,13.1547344110854,9.0161662817552,4.18783679753657,2.85758275596613,
3.12984822934233,6.36762225969646,6.20573355817875,10.0910623946037,4.9106239460371,9.38954468802698,9.17369308600337,8.47217537942664,6.25969645868465,
0.904593639575972,3.61837455830389,6.72791519434629,8.53710247349823,13.8515901060071,7.63250883392226,13.1166077738516,8.36749116607774,1.24381625441696,
6.0147572815534,3.65359223300971,1.14330097087379,5.66679611650485,12.3029126213592,4.10097087378641,3.62873786407767,8.22679611650485,19.2621359223301,
6.18967136150235,9.10422535211267,5.16807511737089,14.0920187793427,8.3830985915493,5.25821596244131,6.18967136150235,5.10798122065728,4.50704225352113,
7.90216962524655,2.54990138067061,2.09546351084813,3.76173570019724,26.6856015779093,12.2445759368836,1.86824457593688,3.23155818540434,3.66074950690335,
6.30253807106599,5.32791878172589,15.853807106599,8.64162436548223,11.5654822335025,2.46903553299492,1.49441624365482,4.61319796954315,7.73197969543147,
10.8843537414966,8.44625850340136,6.48707482993197,5.83401360544218,9.75238095238095,4.7891156462585,2.08979591836735,1.30612244897959,14.4108843537415,
9.7095282146161,1.53931544865865,3.3154486586494,6.80851063829787,12.4921369102683,10.7752081406105,4.38112858464385,3.43385753931545,11.5448658649399,
3.3570219966159,6.06429780033841,11.0456852791878,11.5871404399323,12.8866328257191,4.43993231810491,9.09644670050761,4.98138747884941,0.541455160744501,
11.2033542976939,8.51991614255765,5.0314465408805,3.68972746331237,10.398322851153,5.36687631027254,8.38574423480084,5.70230607966457,5.70230607966457,
3.10132158590308,7.0014684287812,10.1967694566814,9.8208516886931,14.8017621145374,6.76651982378855,3.00734214390602,3.28928046989721,6.01468428781204,
9.96539792387543,9.7439446366782,4.42906574394464,6.42214532871972,4.98269896193772,3.43252595155709,5.13033448673587,5.49942329873126,14.3944636678201,
21.4677165354331,8.11338582677165,13.7070866141732,5.29133858267716,1.15905511811024,3.02362204724409,4.13228346456693,1.96535433070866,5.14015748031496,
3.9,1.55,5.55,7.05,5,11.05,7.7,11.65,10.55,
1.9943342776204,6.61756373937677,8.61189801699717,10.9990557129367,5.31822474032106,12.0868744098206,15.3503305004721,1.29933899905571,1.72237960339943,
4.76357267950963,4.76357267950963,11.9369527145359,6.44483362521891,8.40630472854641,10.4238178633975,3.25043782837128,7.28546409807355,6.72504378283713,
6.36762225969646,7.23102866779089,5.07251264755481,10.6846543001686,6.25969645868465,12.2495784148398,9.9831365935919,2.3743676222597,3.77740303541315,
3.0997150997151,2.82621082621083,4.23931623931624,8.56980056980057,11.5327635327635,13.994301994302,13.6752136752137,3.37321937321937,2.68945868945869,
3.92036753445636,1.61715160796325,6.51761102603369,9.80091883614089,12.7411944869832,10.3889739663093,13.1822358346095,1.32312404287902,4.50842266462481,
3.39451728247914,2.66984505363528,10.4886769964243,14.2646007151371,12.1287246722288,9.9165673420739,4.27175208581645,2.93682955899881,3.9284862932062,
3.77015934331241,3.67745050700145,8.18928054080155,9.57991308546596,7.13858039594399,13.2264606470304,8.7764365041043,7.04587155963303,2.5958474167069,
2.65625,3.875,3.09375,1.75,8.875,18.46875,12.15625,9.5625,3.5625,
7.13297463489623,4.23059185242121,10.0353574173713,6.73943120676403,12.445810914681,9.39584934665642,6.14911606456572,6.05073020753267,1.82013835511145,
32.944262295082,4.75628415300546,2.02841530054645,1.74863387978142,8.11366120218579,3.0775956284153,4.0568306010929,4.12677595628415,3.14754098360656,
24.0146788990826,9.45321100917431,7.3394495412844,8.74862385321101,2.46605504587156,1.58532110091743,2.58348623853211,1.1743119266055,6.6348623853211,
16.9587217043941,1.40612516644474,2.55659121171771,5.02796271637816,9.97070572569907,9.16111850865513,16.0213049267643,2.25832223701731,0.639147802929427,
11.7836593785961,2.20943613348677,8.91139240506329,27.3970080552359,8.80092059838895,3.31415420023015,0.552359033371692,0.846950517836594,0.184119677790564,
15.4433221099888,1.50841750841751,3.87878787878788,6.0695847362514,8.36812570145903,15.0841750841751,8.97867564534231,1.36475869809203,3.30415263748597,
17.2972972972973,8.07207207207207,8.26426426426426,6.72672672672673,12.5309309309309,6.34234234234234,0.807207207207207,0.538138138138138,3.42102102102102,
10.8819875776398,1.04347826086957,3.1304347826087,3.92546583850932,11.776397515528,16.3975155279503,9.59006211180124,6.75776397515528,0.496894409937888,
14.2348754448399,3.18861209964413,5.80782918149466,2.84697508896797,7.51601423487545,11.0462633451957,11.2740213523132,3.644128113879,4.44128113879004,
64,0,0,0,0,0,0,0,0,
64,0,0,0,0,0,0,0,0,
63.9999999999999,0,0,0,0,0,0,0,0,
64,0,0,0,0,0,0,0,0,
64,0,0,0,0,0,0,0,0,
64,0,0,0,0,0,0,0,0,
64,0,0,0,0,0,0,0,0,
64,0,0,0,0,0,0,0,0,
