0.172023714223402,0.103214228534041,0.160555466608508,0.114682476148934,0.0802777333042541,0.240833199912762,0.229364952297869,0.194960209453189,0.0688094856893607,0.287309782352067,0.100558423823224,0.100558423823224,0.201116847646447,0.186751358528844,0.186751358528844,0.0861929347056202,0.158020380293637,0.0574619564704135,0.25588527490731,0.08529509163577,0.17059018327154,0.109665117817419,0.121850130908243,0.243700261816486,0.25588527490731,0.0609250654541214,0.0609250654541214,0.144499919947657,0.112388826625956,0.305055386556166,0.19266655993021,0.19266655993021,0.0642221866434033,0.128444373286807,0.160555466608508,0.0642221866434033,
0.267055373897551,0.093469380864143,0.093469380864143,0.186938761728286,0.173585993033408,0.173585993033408,0.0801166121692654,0.146880455643653,0.0534110747795103,0.172979049001823,0,0.216223811252279,0.115319366001215,0.360373018753798,0.187393969751975,0.187393969751975,0,0.0288298415003038,0.134313143930827,0.104465778612866,0.283549970520635,0.17908419190777,0.17908419190777,0.0596947306359232,0.119389461271846,0.149236826589808,0.0596947306359232,0.362432293146677,0.0329483902860615,0.164741951430308,0.164741951430308,0.247112927145462,0.0329483902860615,0.0988451708581846,0.131793561144246,0.0329483902860615,
0.143980381864567,0,0.179975477330709,0.0959869212430448,0.299959128884515,0.155978747019948,0.155978747019948,0,0.0239967303107612,0.213201719299455,0.0203049256475672,0.182744330828104,0.152286942356754,0.203049256475672,0.121829553885403,0.0710672397664851,0.0913721654140522,0,0.301673181049569,0.0274248346408699,0.13712417320435,0.13712417320435,0.205686259806525,0.0274248346408699,0.0822745039226098,0.10969933856348,0.0274248346408699,0.0151413403490463,0.0171601857289191,0.00908480420942775,0.0171601857289191,0.00908480420942775,0.0474428664270116,0.285666621252006,0.587484005542995,0.0676313202257399,
0.213489217967863,0.0203323064731298,0.182990758258168,0.152492298548474,0.203323064731298,0.121993838838779,0.0711630726559544,0.0914953791290843,0,0.0689530393436577,0.0804452125676006,0.0459686928957718,0.126413905463372,0.367749543166174,0.114921732239429,0.183874771583087,0.0459686928957718,0.0229843464478859,0.0151617581730796,0.0171833259294902,0.00909705490384776,0.0171833259294902,0.00909705490384776,0.0475068422756494,0.286051837532102,0.588276217115489,0.0677225198397556,0.176651446394095,0.111984399053399,0.11829337928176,0.237638255268246,0.233432268449339,0.0625640539312419,0.0531005835887011,0.0215556824468985,0.0420598681890702,
0.0809989719281744,0.0944988005828701,0.0539993146187829,0.148498115201653,0.431994516950263,0.134998286546957,0.215997258475132,0.0539993146187829,0.0269996573093915,0.191943018326765,0.112907657839273,0.214524549894619,0.135489189407128,0.124198423623201,0.191943018326765,0.135489189407128,0.0790353604874914,0.0564538289196367,0.207512035491772,0.131547808213534,0.13895895233824,0.279153095363932,0.274212332614128,0.0734938459033361,0.0623771297162768,0.025321409092746,0.0494076274980411,0.293802722549507,0.0267093384135916,0.146901361274754,0.186965368895141,0.307157391756303,0.0267093384135916,0.0267093384135916,0.106837353654366,0.120192022861162,
0.207106470795572,0.121827335762101,0.231471937947992,0.146192802914521,0.134010069338311,0.207106470795572,0.146192802914521,0.0852791350334707,0.0609136678810505,0.148900077042568,0.069486702619865,0.158826748845406,0.158826748845406,0.13897340523973,0.208460107859595,0.198533436056757,0.069486702619865,0.188606764253919,0.317013067251919,0.0288193697501744,0.158506533625959,0.201735588251221,0.331422752127006,0.0288193697501744,0.0288193697501744,0.115277479000698,0.129687163875785,0.161151349204298,0.110261449455572,0.0932981495393306,0.152669699246177,0.313821048450476,0.169632999162419,0.161151349204298,0.0339265998324838,0.144188049288056,
0.154548437497999,0.072122604165733,0.164851666664533,0.164851666664533,0.144245208331466,0.216367812497199,0.206064583330666,0.072122604165733,0.195761354164132,0.210747869315453,0.105373934657727,0.0526869673288634,0.231822656246999,0.168598295452363,0.15806090198659,0.115911328123499,0.126448721589272,0.221285262781226,0.167264448178214,0.114444096121936,0.0968373121031768,0.158461056168835,0.325725504347049,0.176067840187594,0.167264448178214,0.0352135680375188,0.149657664159455,0.255804310341516,0.143889924567103,0.143889924567103,0.063951077585379,0.271792079737861,0.127902155170758,0.127902155170758,0.175865463359792,0.0799388469817237,
0.252406273195975,0.0841354243986582,0.168270848797316,0.108174117083989,0.120193463426655,0.240386926853309,0.252406273195975,0.0600967317133273,0.0600967317133273,0.14253530721655,0.110860794501761,0.300907870790495,0.190047076288734,0.190047076288734,0.063349025429578,0.126698050859156,0.158372563573945,0.063349025429578,0.232990406027054,0.155326937351369,0.142383025905422,0.207102583135159,0.181214760243264,0.271822140364896,0.0647195572297371,0.0517756457837897,0.0388317343378423,0.124435585665242,0.18099721551308,0.147060237604377,0.27149582326962,0.203621867452215,0.169684889543512,0.124435585665242,0,0.124435585665242,
0.138629113133336,0.10782264354815,0.292661461059264,0.184838817511114,0.184838817511114,0.0616129391703714,0.123225878340743,0.154032347925928,0.0616129391703714,0.374078559248683,0.0340071417498803,0.170035708749402,0.170035708749402,0.255053563124102,0.0340071417498803,0.102021425249641,0.136028566999521,0.0340071417498803,0.121025416227515,0.176036969058204,0.143030037359791,0.264055453587306,0.198041590190479,0.165034658492066,0.121025416227515,0,0.121025416227515,0.17227302070663,0.0459394721884348,0.0459394721884348,0.2641519650835,0.195242756800848,0.149303284612413,0.114848680471087,0.0803940763297609,0.241182228989283,
0.306844246454011,0.0278949314958192,0.139474657479096,0.139474657479096,0.209211986218644,0.0278949314958192,0.0836847944874577,0.111579725983277,0.0278949314958192,0.0154008823507033,0.017454333330797,0.00924052941042195,0.017454333330797,0.00924052941042195,0.0482560980322035,0.290563313683268,0.597554235207286,0.0687906078331412,0.141309850340663,0.0376826267575102,0.0376826267575102,0.216675103855684,0.160151163719418,0.122468536961908,0.0942065668937754,0.0659445968256428,0.197833790476928,0.170035131393519,0.150576070035133,0.0611570499835001,0.0064863537861288,0.0115827746180871,0.080152800357163,0.277059968864644,0.150112759050409,0.166791954500455,
0.015073980693979,0.0170838447865095,0.00904438841638739,0.0170838447865095,0.00904438841638739,0.0472318061744675,0.28439576909307,0.584870450926384,0.0673304470997727,0.175628740553061,0.111336076600601,0.117608531620353,0.236262472410665,0.23208083573083,0.0622018456125423,0.0527931630829141,0.0214308879841532,0.0418163667983478,0.16642593778447,0.147379917656547,0.0598589204020439,0.00634867337597435,0.0113369167428113,0.0784514638602544,0.271179048488047,0.146926440986835,0.163251601096483,0.0499695930009206,0.0567999690226292,0.298379584106217,0.0578784494471095,0.0510480734254009,0.0564404755478024,0.0150987259427242,0.22576190219121,0.239782147709454,
0.199871760579659,0.126704419653177,0.133842696816736,0.268875106494065,0.264116255051692,0.0707879152052958,0.060080499459957,0.0243891136421607,0.0475885144237283,0.282985356872928,0.0257259415339026,0.141492678436464,0.180081590737318,0.29584832763988,0.0257259415339026,0.0257259415339026,0.10290376613561,0.115766736902562,0.0568671761642884,0.0646403872946588,0.3395665914846,0.0658677364205067,0.0580945252901364,0.0642312709193761,0.0171828877618713,0.256925083677505,0.272880622313528,0.151424845737528,0.393704598917572,0.0908549074425167,0.158996088024404,0.0832836651556403,0.136282361163775,0.105997392016269,0.0454274537212584,0.0302849691475056,
0.302918779324955,0.0275380708477232,0.151459389662477,0.192766495934062,0.316687814748816,0.0275380708477232,0.0275380708477232,0.110152283390893,0.123921318814754,0.153986617683313,0.105359264730688,0.0891501470798126,0.145882058857875,0.299868676541188,0.16209117650875,0.153986617683313,0.03241823530175,0.137777500032438,0.16209117650875,0.421437058922751,0.0972547059052501,0.170195735334188,0.0891501470798126,0.145882058857875,0.113463823556125,0.0486273529526251,0.03241823530175,0.10835171722008,0.0985015611091636,0.157602497774662,0.157602497774662,0.21670343444016,0.157602497774662,0.21670343444016,0.0492507805545818,0.118201873330996,
0.164434113207379,0.112507551141891,0.0951986971200618,0.155779686196465,0.320213799403844,0.173088540218294,0.164434113207379,0.0346177080436588,0.14712525918555,0.251475764179223,0.141455117350813,0.141455117350813,0.0628689410448057,0.267192999440424,0.125737882089611,0.125737882089611,0.172889587873216,0.0785861763060071,0.115703031884383,0.105184574440348,0.168295319104557,0.168295319104557,0.231406063768765,0.168295319104557,0.231406063768765,0.052592287220174,0.126221489328418,0.175544526261932,0.120109412705532,0.0646742991491329,0.194022897447399,0.267936382189265,0.258697196596531,0.157066155076466,0.110870227112799,0.0184783711854665,
0.234644847680989,0.156429898453992,0.143394073582826,0.208573197938656,0.182501548196324,0.273752322294487,0.0651791243558301,0.0521432994846641,0.0391074746134981,0.1253191903581,0.182282458702691,0.148104497695937,0.273423688054037,0.205067766040528,0.170889805033773,0.1253191903581,0,0.1253191903581,0.176354573866831,0.220443217333539,0.0771551260667388,0.0771551260667388,0.242487539066893,0.11022160866677,0.220443217333539,0.0661329652000618,0.165332413000154,0.243725984108093,0.18279448808107,0.106630118047291,0.18279448808107,0.274191732121605,0.121862992054046,0.106630118047291,0.076164370033779,0.0609314960270232,
0.113367490180981,0.164898167535972,0.133979761122977,0.247347251303958,0.185510438477968,0.154592032064974,0.113367490180981,0,0.113367490180981,0.161372384348525,0.0430326358262733,0.0430326358262733,0.247437656001072,0.182888702261662,0.139856066435388,0.107581589565683,0.0753071126959784,0.225921338087935,0.220481819514389,0.165361364635792,0.0964607960375453,0.165361364635792,0.248042046953688,0.110240909757195,0.0964607960375453,0.0689005685982467,0.0551204548785973,0.0503497659989393,0.0368229631932541,0.00601191235808231,0.00901786853712346,0.0556101893122613,0.0999480429531183,0.341927515365931,0.472686609154221,0.154055254175859,
0.154456487744133,0.0411883967317688,0.0411883967317688,0.23683328120767,0.175050686110017,0.133862289378249,0.102970991829422,0.0720796942805954,0.216239082841786,0.185854200006875,0.164584782022437,0.066846742236805,0.00708980599481266,0.0126603678478797,0.0876097455073278,0.302835998921283,0.164078367308521,0.182309297009468,0.0481919384554611,0.0352448505122029,0.00575426130811476,0.00863139196217213,0.0532269171000615,0.0956645942474078,0.327273611899027,0.452428795350523,0.147452946020441,0.0635278661456095,0.126357623872036,0.314148788632135,0.175923321633995,0.121121810728167,0.00104716262877378,0.16614980376544,0.196168465790289,0.00942446365896404,
0.188501171099361,0.166928829992622,0.0677987863354649,0.00719078036891295,0.0128406792302017,0.0888575002729957,0.307149047186425,0.166415202823414,0.184905780914904,0.0565977090195547,0.0643340865114362,0.337957543066406,0.0655556197996281,0.0578192423077465,0.0639269087487056,0.0171014660346856,0.255707634994823,0.271587567741316,0.0644326421756833,0.128157233338447,0.318622955813818,0.178428855255738,0.12284685074155,0.00106207651937939,0.168516141074864,0.198962334630407,0.00955868867441455,0.0551623681030564,0.392776491400467,0.0689529601288205,0.00612915201145071,0.116964650885184,0.16037947763296,0.190003712354972,0.090404992168898,0.109813973538492,
0.0430100889678407,0.0488891658771139,0.256822833405092,0.0498174411785781,0.0439383642693049,0.0485797407766258,0.0129958542204986,0.194318963106503,0.206386542025538,0.114526454914822,0.297768782778538,0.0687158729488933,0.120252777660563,0.0629895502031522,0.10307380942334,0.0801685184403755,0.0343579364744467,0.0229052909829644,0.0419193356213326,0.298481195303748,0.0523991695266657,0.00465770395792584,0.0888845171970849,0.12187658689906,0.144388822695701,0.0687011333794062,0.0834505292461714,0.0946949827736131,0.734120510017218,0.0398468986918669,0.00187514817373491,0.00796937973837338,0.00234393521716864,0.00421908339090355,0.00140636113030118,0.0182826946939154,
0.120937698135798,0.314438015153074,0.0725626188814787,0.126984583042588,0.0665157339746888,0.108843928322218,0.0846563886950585,0.0362813094407394,0.0241875396271596,0.0808421997538526,0.0734929088671387,0.117588654187422,0.117588654187422,0.161684399507705,0.117588654187422,0.161684399507705,0.0367464544335694,0.0881914906405664,0.0999960511321794,0.77521691125244,0.0420775462684913,0.00198011982439959,0.00841550925369826,0.00247514978049949,0.00445526960489908,0.00148508986829969,0.019306168287896,0.163987908591601,0.0641691816228002,0.0712990906920002,0.106948636038,0.1212084541764,0.1140785451072,0.1497280904532,0.0641691816228002,0.0998187269688003,
0.113266329153538,0.10296939013958,0.164751024223327,0.164751024223327,0.226532658307075,0.164751024223327,0.226532658307075,0.0514846950697898,0.123563268167495,0.171847563273488,0.117579911713439,0.0633122601533901,0.18993678046017,0.262293649206902,0.253249040613561,0.153758346086805,0.108535303120097,0.0180892171866829,0.229760057102495,0.0899061093009762,0.0998956770010846,0.149843515501627,0.169822650901844,0.159833083201735,0.209780921702278,0.0899061093009762,0.139853947801518,0.234255362567543,0.290030448893149,0.312340483423391,0.0223100345302422,0.178480276241938,0.145015224446575,0.0557750863256056,0.10039515538609,0,
0.167612925951315,0.209516157439144,0.0733306551037003,0.0733306551037003,0.230467773183058,0.104758078719572,0.209516157439144,0.0628548472317431,0.157137118079358,0.231644830247323,0.173733622685492,0.101344613233204,0.173733622685492,0.260600434028238,0.115822415123661,0.101344613233204,0.0723890094522884,0.0579112075618307,0.203939108644001,0.0556197569029093,0.0648897163867276,0.148319351741092,0.361528419868911,0.213209068127819,0.166859270708728,0.0185399189676364,0.0556197569029093,0.35909695508627,0.0380220305385462,0.0971674113762848,0.0295726904188693,0.1098414215558,0.0591453808377386,0.152088122154185,0.2196828431116,0.223907513171439,
0.203923764098905,0.152942823074179,0.0892166467932711,0.152942823074179,0.229414234611269,0.101961882049453,0.0892166467932711,0.0637261762809079,0.0509809410247263,0.0465685280837076,0.0340575802403235,0.00556042126372628,0.00834063189558942,0.0514338966894681,0.0924420035094494,0.316248959374432,0.437188121860479,0.142485794882986,0.316123622009881,0.0334719129186933,0.0855393330144384,0.0260337100478725,0.0966966373206695,0.0520674200957451,0.133887651674773,0.193393274641339,0.197112376076749,0.0463109814399032,0.00879322432403226,0.0240348131523548,0.00937943927896774,0.0855873834205806,0.15182967332829,0.139519159274645,0.398626169356129,0.270245094225258,
0.046081432794723,0.0337013463722601,0.00550226063220573,0.00825339094830859,0.050895910847903,0.0914750830104202,0.312941073456701,0.432615242207175,0.140995428700272,0.0607457427155915,0.120823949796946,0.300391035406771,0.168218979827792,0.115817432540166,0.0010013034513559,0.15887348094847,0.187577513220673,0.00901173106220314,0.0458265800251305,0.00870124937186022,0.0237834149497513,0.00928133266331757,0.0846921605527728,0.150241572487453,0.138059823366849,0.394456638190997,0.267418397361837,0.139736825754601,0.223761583724689,0.0379024723452024,0.24476777321721,0.198645487592326,0.0452089730382534,0.081284820210193,0.05616872407783,0.0949845090096638,
0.0618890810616523,0.123098062331418,0.30604490634883,0.171385147555345,0.117997313892271,0.00102014968782943,0.161863750468937,0.191108041520047,0.0091813471904649,0.0529847629369943,0.377271136097673,0.0662309536712429,0.00588719588188826,0.112347321412701,0.154048292242743,0.182503072338536,0.0868361392578519,0.105478926217165,0.142366910828877,0.227973157863234,0.0386158614339764,0.249374719621823,0.202384334021443,0.0460598829152249,0.0828147389788891,0.0572259151370975,0.09677227925623,0.0463786064327016,0.0530638109635414,0.160862734023334,0.445401751867206,0.328410672577508,0.0864898336177408,0.00710302981401736,0,0.0158773607607447,
0.0396293840041909,0.28217589165947,0.0495367300052386,0.00440326488935454,0.0840289716385158,0.115218764604777,0.136501211569991,0.0649481571179795,0.0788918292676022,0.0895220255756156,0.694017287383238,0.037670159276868,0.00177271337773496,0.00753403185537359,0.0022158917221687,0.00398860509990367,0.00132953503330122,0.0172839554329159,0.0346883802440776,0.0396885071261068,0.120315553098828,0.333133453515195,0.245631233079684,0.0646891415362528,0.00531263481215602,0,0.0118753013448193,0.228211815793185,0.328514589670029,0.0690156700987455,0.0377285663206476,0,0.110885176625318,0.0170238652910239,0.061193894154221,0.00276062680394982,
0.096124437471862,0.745202322182851,0.0404484019064766,0.0019034542073636,0.00808968038129532,0.00237931775920451,0.00428277196656811,0.0014275906555227,0.0185586785217951,0.157638679598639,0.0616847007125108,0.0685385563472343,0.102807834520851,0.116515545790298,0.109661690155575,0.143930968329192,0.0616847007125108,0.095953978886128,0.245042851482656,0.35274313701334,0.0741057010532226,0.0405111165757617,0,0.119063159692178,0.0182794062597949,0.0657070549338574,0.00296422804212891,0.138168877308849,0.0690844386544246,0.142232667817933,0.158487829854268,0.125977505781598,0.040637905090838,0.0325103240726704,0.174742991890603,0.0365741145817542,
0.225229325905486,0.0881332144847555,0.0979257938719506,0.146888690807926,0.166473849582316,0.156681270195121,0.205644167131096,0.0881332144847555,0.137096111420731,0.229635986629724,0.284311221541563,0.306181315506299,0.0218700939647356,0.174960751717885,0.142155610770782,0.0546752349118391,0.0984154228413104,0,0.197411467646286,0.0987057338231431,0.203217687282942,0.226442565829564,0.17999280873632,0.0580621963665548,0.0464497570932438,0.249667444376186,0.0522559767298993,0.128945062682256,0,0.0910200442462986,0.159285077431022,0.265475129051704,0.280645136426087,0.106190051620682,0.182040088492597,0.0986050479334901,
0.194464870581987,0.0530358737950874,0.0618751860942686,0.1414289967869,0.344733179668068,0.203304182881168,0.159107621385262,0.0176786245983625,0.0530358737950874,0.342414671524021,0.0362556711025433,0.0926533817064997,0.0281988553019782,0.104738605407347,0.0563977106039563,0.145022684410173,0.209477210814695,0.213505618714977,0.180433234974196,0.171841176165901,0.137472940932721,0.120288823316131,0.120288823316131,0.120288823316131,0.180433234974196,0.128880882124426,0.0687364704663603,0.325651130325661,0.117989539973066,0.0251711018609207,0.0188783263956905,0.0110123570641528,0.0267442957272282,0.162038968229677,0.1667585498286,0.374420140181195,
0.285678891976283,0.0302483532680771,0.0773013472406414,0.0235264969862822,0.0873841316633337,0.0470529939725643,0.120993413072308,0.174768263326667,0.178129191467565,0.0418509372376869,0.00794638048816839,0.0217201066676603,0.00847613918737962,0.077344770084839,0.137207503095708,0.126082570412272,0.360235915463634,0.244218760336375,0.271692955410449,0.0984394765979887,0.0210004216742376,0.0157503162556782,0.00918768448247895,0.0223129480288774,0.135190214527905,0.139127793591824,0.312381272404284,0.393209350529997,0.00912923865243773,0.00195626542552237,0.0026083539006965,0,0.0176063888297013,0.0215189196807461,0.133678137410695,0.445376428543927,
0.0412066851652453,0.00782405414529974,0.0213857479971526,0.00834565775498639,0.0761541270142508,0.135095334908842,0.124141659105423,0.354690454586921,0.240459264065545,0.125649598588919,0.201203605583562,0.0340814270682361,0.220092107332223,0.178619527405816,0.0406513407199442,0.0730902893752533,0.0505062111975065,0.0854088774722061,0.387156297582971,0.00898870342647031,0.00192615073424364,0.00256820097899152,0,0.0173353566081927,0.02118765807668,0.131620300173315,0.438520317162802,0.328054892924156,0.359477775388155,0.00377074589567995,0.0389643742553595,0.0942686473919987,0.0201106447769597,0.0465058660467194,0.0213675600755197,0.0967824779891187,
0.118315073171956,0.189458777301498,0.0320919969714783,0.207244703333884,0.16819299617582,0.0382784060262211,0.0688238007340137,0.0475580196083353,0.0804233177116565,0.0385432835604201,0.0440990721817419,0.133686163700556,0.370154416895566,0.272928116022434,0.071878015288351,0.00590302541015443,0,0.0131949979756393,0.308905393225529,0.338494032423376,0.00355063670374171,0.036689912605331,0.0887659175935427,0.0189367290866224,0.0437911860128144,0.0201202746545363,0.0911330087293705,0.230192907318643,0.020192360291109,0.0121154161746654,0.0094231014691842,0.0161538882328872,0.0242308323493308,0.0175000455856278,0.0390385632294774,0.581539976383939,
0.0373628044960724,0.0427484339729838,0.129591709288179,0.358817563899218,0.26456904805327,0.0696765813575405,0.0057222313192183,0,0.0127908700076644,0.245806618734533,0.353842592291243,0.0743366790527821,0.0406373845488542,0,0.119434264344803,0.0183363808330196,0.0659118554268001,0.00297346716211128,0.223142706018979,0.0195739215806122,0.0117443529483673,0.00913449673761901,0.0156591372644897,0.0234887058967346,0.0169640653698639,0.0378429150558502,0.56372894152163,0.311018733196397,0.179330939106356,0.0294423929876107,0.0347955553489945,0.0176654357925664,0.00481784612524539,0.0385427690019631,0.0685204782257122,0.237145092609301,
0.289735846472012,0.417079424155275,0.0876217277637132,0.0478998778441632,0,0.140778909273699,0.0216133595150492,0.0776912652838257,0.00350486911054853,0.16336928982399,0.0816846449119949,0.16817426893646,0.187394185386341,0.148954352486579,0.0480497911247029,0.0384398328997623,0.206614101836222,0.0432448120122326,0.366602316875086,0.211379993378922,0.034704178017435,0.0410140285660596,0.020822506810461,0.0056788654937621,0.0454309239500968,0.0807660870223943,0.279526379304068,0.239897218590445,0.310872727049156,0.00283902033834846,0.0283902033834846,0.0156146118609165,0.0113560813533938,0.00425853050752269,0.269706932143104,0.202989954191915,
0.184519021913196,0.0922595109565978,0.189946051969466,0.211654172194548,0.168237931744384,0.0542703005627046,0.0434162404501637,0.23336229241963,0.0488432705064341,0.120523985411509,0,0.0850757544081242,0.148882570214217,0.248137617023695,0.262316909425049,0.0992550468094782,0.170151508816248,0.0921654006088012,0.27095423002509,0.351118203405294,0.00320655893520817,0.0320655893520817,0.0176360741436449,0.0128262357408327,0.00480983840281225,0.304623098844776,0.229268963867384,0.0876077709083659,0.0766567995448202,0.164264570453186,0.262823312725098,0.229970398634461,0.186166513180278,0.0985587422719117,0.120460684999003,0,
0.158050022679336,0.150523831123177,0.120419064898541,0.105366681786224,0.105366681786224,0.105366681786224,0.158050022679336,0.112892873342383,0.0602095324492707,0.285253260248217,0.103352630524716,0.0220485611786062,0.0165364208839546,0.0096462455156402,0.0234265962522691,0.141937612587277,0.146071717808266,0.327972347531767,0.1302462576948,0.185086787250505,0.116536125305873,0.164521588667115,0.185086787250505,0.102825992916947,0.0822607943335577,0.095970926722484,0.0137101323889263,0.113025770776924,0.0190043331394829,0.00600136835983669,0,0.00800182447978226,0.0140031928396189,0.0340077540390746,0.262059751712869,0.620141397183125,
0.23346840989084,0.0845900035836377,0.018045867431176,0.013534400573382,0.00789506700113952,0.0191737341456245,0.116170271588196,0.119553871731541,0.268432278038744,0.337888634925268,0.00784484392861319,0.00168103798470283,0.00224138397960377,0,0.0151293418623254,0.0184914178317311,0.114870928954693,0.382716314517343,0.0925070828533678,0.0155542882673804,0.00491188050548855,0,0.00654917400731807,0.0114610545128066,0.0278339895311018,0.214485448739667,0.507560985567151,0.0968277879188827,0.0114310582959792,0.00201724558164339,0.0181552102347905,0,0.00806898232657356,0.0598449522554206,0.311328234766963,0.373190432604027,
0.37192677699505,0.00863511588379885,0.00185038197509975,0.00246717596679967,0,0.0166534377758978,0.0203542017260973,0.126442768298483,0.421270296331044,0.315150237163814,0.34533704148985,0.0036224165191243,0.0374316373642844,0.0905604129781074,0.0193195547686629,0.044676470402533,0.0205270269417044,0.0929753573241903,0.106582001765746,0.0125825974306783,0.0022204583701197,0.0199841253310773,0,0.00888183348047881,0.0658735983135512,0.342690741788474,0.410784798472145,0.117924343169871,0.165967594090929,0.0436756826555077,0.0174702730622031,0.100454070107668,0.122291911435421,0.135394616232074,0.17033516235648,0.0960865018421169,
0.328005267158288,0.359423396196438,0.00377017548457802,0.0389584800073062,0.0942543871144505,0.0201076025844161,0.0464988309764623,0.0213643277459421,0.0967678374375026,0.244425923660936,0.0214408704965733,0.012864522297944,0.0100057395650675,0.0171526963972586,0.025729044595888,0.0185820877636969,0.0414523496267084,0.617497070301311,0.122734496518222,0.172737439544165,0.0454572209326749,0.01818288837307,0.104551608145152,0.12728021861149,0.140917384891292,0.177283161637432,0.100005886051885,0.285501906933456,0.101763055936677,0.101763055936677,0.0876292981676944,0.0734955403987114,0.0197872608765762,0.0876292981676944,0.076322291952508,0.175258596335389,
0.227847144714115,0.019986591641589,0.0119919549849534,0.0093270760994082,0.0159892733132712,0.0239839099699068,0.0173217127560438,0.0386407438404054,0.575613839277763,0.31757583107096,0.183111709825768,0.030063116538559,0.0355291377273879,0.0180378699231354,0.00491941906994602,0.0393553525595682,0.0699650712170101,0.242144738665121,0.266137050157824,0.0948607307493232,0.0948607307493232,0.0816856292563617,0.0685105277634001,0.0184451420901462,0.0816856292563617,0.0711455480619924,0.163371258512723,0.398236456970493,0.0986832276070577,0.00467139538968321,0.0128463373216288,0.00875886635565601,0.0023356976948416,0.0134302617453392,0.0934279077936641,0.308312095719092,
0.332845901627424,0.191916311609616,0.0315086481747131,0.0372374932973882,0.0189051889048278,0.00515596061040759,0.0412476848832607,0.0733292175702413,0.253787838934507,0.217807696089533,0.282247842861585,0.00257760587088205,0.0257760587088205,0.0141768322898513,0.0103104234835282,0.00386640880632308,0.244872557733795,0.184298819768067,0.417384950656516,0.103428235573242,0.00489601115139608,0.0134640306663392,0.00918002090886765,0.00244800557569804,0.0140760320602637,0.0979202230279216,0.323136735992141,0.326865886569735,0.108065864539382,0.00667073237897419,0.0133414647579484,0.0320195154190761,0.0240146365643071,0.0600365914107677,0.0547000055075884,0.360219548464606,
0.250898206155876,0.325128444663531,0.00296920954030622,0.0296920954030622,0.0163306524716842,0.0118768381612249,0.00445381431045933,0.282074906329091,0.212298482131895,0.0811230463690806,0.0709826655729456,0.152105711942026,0.243369139107242,0.212947996718837,0.172386473534296,0.0912634271652157,0.111544188757486,0,0.376525100197492,0.124483808636722,0.00768418571831616,0.0153683714366323,0.0368840914479176,0.0276630685859382,0.0691576714648455,0.0630103228901926,0.414946028789073,0.171136289600526,0.108904911563971,0.0311156890182775,0.217809823127943,0.171136289600526,0.103718963394258,0.134834652412536,0.1607643932611,0.0363016371879904,
0.132360727332368,0.188091559893365,0.118428019192119,0.167192497682991,0.188091559893365,0.10449531105187,0.0835962488414957,0.097528956981745,0.0139327081402493,0.114860676169221,0.0193128570550017,0.00609879696473737,0,0.0081317292863165,0.0142305262510539,0.0345598494668451,0.266314134126865,0.630209019689529,0.154479885453329,0.0926879312719974,0.0494335633450653,0.166838276289595,0.216271839634661,0.148300690035196,0.0679711495994648,0.129763103780796,0.0679711495994648,0.322644350755281,0.164127778427687,0.143085755552342,0.0930525011598564,0.00794920864179678,0.0486304528674627,0.0986637072599483,0.0537740584592135,0.161789775885982,
0.0999505515497482,0.0168058449508426,0.00530710893184503,0,0.00707614524246005,0.0123832541743051,0.0300736172804552,0.231743756690567,0.548401256290654,0.104618916836615,0.0123508443487671,0.00217956076742949,0.0196160469068654,0,0.00871824306971795,0.0646603027670748,0.336378878439951,0.403218741974455,0.280761718352503,0.142822265422795,0.124511718573719,0.0809733071770262,0.00691731769853993,0.0423177082734207,0.0858561196701133,0.0467936197254172,0.140787760217342,0.0220330541491851,0.0168488061140827,0.129174180207967,0.235019244257974,0.158119565070622,0.29895830335757,0.0233291161579607,0.0237611368275525,0.044498128967962,
0.108532482783347,0.0128128625508118,0.00226109339131973,0.0203498405218776,0,0.00904437356527892,0.0670791039424853,0.348962080060345,0.41830227739415,0.120082392268737,0.169004848378222,0.0444749600995322,0.0177899840398129,0.102292408228924,0.12452988827869,0.13787237630855,0.173452344388176,0.0978449122189709,0.0228572627438449,0.0174790832747049,0.134006305106071,0.243810802601013,0.164034473808769,0.310141682720406,0.0242018076111299,0.0246499892335583,0.0461627071101182,0.0158336971350912,0.0271434808030135,0.0180956538686756,0.402628298578033,0.430902757747839,0.0294054375365979,0.0350603293705591,0.0226195673358446,0.00565489183396114,
0.125026431396563,0.175963125669237,0.0463060857024309,0.0185224342809724,0.106503997115591,0.129657039966806,0.143548865677536,0.18059373423948,0.101873388545348,0.290833348352915,0.103663371690148,0.103663371690148,0.0892656811776273,0.0748679906651067,0.0201567667175287,0.0892656811776273,0.0777475287676108,0.178531362355254,0.0164856030198345,0.0282610337482877,0.0188406891655251,0.419205333932934,0.448643910754067,0.0306161198939784,0.036503835258205,0.0235508614569064,0.00588771536422661,0.0923589349986766,0.0582262851078613,0.0261014381517999,0.200780293475384,0.495927324884198,0.108421358476707,0.012046817608523,0.0341326498908153,0,
0.284541371890225,0.101420687010377,0.101420687010377,0.0873344804811583,0.0732482739519392,0.0197206891409067,0.0873344804811583,0.076065515257783,0.174668960962317,0.42577592160088,0.105507523094646,0.00499443896306017,0.0137347071484155,0.00936457305573782,0.00249721948153009,0.014359012018798,0.0998887792612034,0.329632971561971,0.0903608139151702,0.0569666000769551,0.0255367517586351,0.1964365519895,0.485198283414066,0.10607573807433,0.01178619311937,0.0333942138382151,0,0.256229157756796,0.111849597559923,0.10516535866192,0.0860038738209769,0.0396598174614867,0.0285194192981478,0.00668423889800338,0.00846670260413762,0.36317698012485,
0.385551696784396,0.0955399365932007,0.00452260054879057,0.0124371515091741,0.00847987602898231,0.00226130027439528,0.0130024765777729,0.0904520109758113,0.298491636220177,0.301936370704481,0.0998238613349509,0.00616196674907104,0.0123239334981421,0.029577440395541,0.0221830802966558,0.0554577007416394,0.0505281273423825,0.332746204449836,0.232022483017192,0.101282857804026,0.095230097377491,0.0778788508214227,0.0359130451974436,0.0258251111532179,0.00605276042653544,0.00766682987361156,0.328866649841759,0.211638323109618,0.0190821438869328,0.00867370176678762,0,0.0173474035335752,0.0173474035335752,0.0277558456537204,0.076328575547731,0.53256528848076,
0.335553345443344,0.110938044820044,0.00684802745802743,0.0136960549160549,0.0328705317985317,0.0246528988488988,0.0616322471222469,0.0561538251558249,0.369793482733481,0.152514014263849,0.0970543727133586,0.0277298207752453,0.194108745426717,0.152514014263849,0.0924327359174844,0.12016255669273,0.143270740672101,0.0323514575711195,0.235201698880319,0.0212067105547829,0.00963941388853766,0,0.0192788277770753,0.0192788277770753,0.0308461244433205,0.0848268422191314,0.591860012756212,0.309264528923916,0.0374866095665353,0.112459828699606,0.103088176307972,0.178061395441043,0.103088176307972,0.103088176307972,0.0374866095665353,0.0281149571749015,
0.173185204964444,0.103911122978666,0.0554192655886219,0.187040021361599,0.242459286950221,0.166257796765866,0.0762014901843552,0.145475572170133,0.0762014901843552,0.361711997987302,0.18400132071528,0.160411407803064,0.104319837100686,0.00891174487794802,0.0545189098415644,0.110610480543943,0.0602853329978837,0.181380219280589,0.300178107127582,0.274739284489652,0.178071758465515,0.0814042324413783,0.0915797614965506,0.0915797614965506,0.0407021162206891,0.111930819606895,0.0559654098034476,0.360142897196348,0.0978422899897593,0.0978422899897593,0.035389764464381,0.0603707746745323,0.0249810102101513,0.035389764464381,0.149886061260908,0.36430639889804,
0.308560052999102,0.156963157395195,0.136839675677862,0.0889905080388713,0.00760220420432569,0.0465076021911689,0.0943567698301601,0.0514266754998503,0.154727214982158,0.0242145560153216,0.0185170134234812,0.141963769580022,0.258288597496763,0.173775049051131,0.328558289462794,0.0256389416632816,0.0261137368792683,0.0489039072466298,0.307221524484947,0.0834648072300146,0.0834648072300146,0.0301893983597925,0.0514995619078814,0.0213101635480888,0.0301893983597925,0.127860981288533,0.310773218409629,0.525015584134752,0.0543679198408475,0.0397616130179333,0.0470647664293904,0.00324584596064761,0.00486876894097142,0.0973753788194284,0.0137948453327524,0.260479138341971,
0.0226839547647094,0.0173465536436013,0.132990244600943,0.2419621841569,0.162790734193797,0.307790131317233,0.0240183050449864,0.0244630884717454,0.0458126929561777,0.0157136431249728,0.0269376739285249,0.0179584492856832,0.399575496606452,0.427635573615332,0.0291824800892353,0.0347944954910113,0.0224480616071041,0.00561201540177601,0.491829367168433,0.0509313255027589,0.0372482828303759,0.0440898041665674,0.00304067614941844,0.00456101422412766,0.0912202844825532,0.0129228736350284,0.24401426099083,0.0860962998834809,0.0676470927655921,0.0420231939907466,0.118894890315283,0.250089252042492,0.131194361727209,0.068672048716586,0.125044626021246,0.0901961236874562,
0.0163377946714315,0.0280076480081684,0.0186717653387789,0.415446778787831,0.444621412129673,0.0303416186755157,0.0361765453438841,0.0233397066734736,0.00583492666836841,0.0915308535735698,0.0577042337746418,0.0258674151403567,0.198980116464282,0.491480887666777,0.107449262890712,0.0119388069878569,0.033826619798928,0,0.0895160758252703,0.0703340595769981,0.0436923703432867,0.123617438044421,0.260022886921023,0.136405448876602,0.0713997271463466,0.130011443460512,0.0937787461026642,0.131872304596836,0.0108600721432688,0.0191344128238546,0.195481298578839,0.146352400787861,0.15566103405352,0.0537832144238076,0.0511974829611245,0.254435975928013,
0.0987357845752327,0.0622464728843859,0.0279035912930006,0.214643009946158,0.530168234567011,0.115907225370925,0.0128785805967695,0.0364893116908469,0,0.279977413062246,0.122216227267172,0.114912468665548,0.0939750273408931,0.0433356343696346,0.0311627033669283,0.00730375860162381,0.00925142756205683,0.396837550688227,0.142252748114571,0.0117149321976705,0.0206405948244671,0.210868779558069,0.157872657711465,0.167914028166611,0.0580168070741778,0.0552275375033039,0.274464125773995,0.0509704305971691,0.0866082926407183,0.153740079280892,0.108156767364725,0.188549153835057,0.191035516303211,0.0866082926407183,0.0290075621284702,0.204296116133369,
0.264262045003688,0.115356127471175,0.108462334992818,0.0887001298881944,0.0409031687049186,0.0294135145743235,0.00689379247835708,0.00873213713925229,0.374562724657401,0.24104550274102,0.0217336109028789,0.00987891404676312,0,0.0197578280935263,0.0197578280935262,0.031612524949642,0.0869344436115155,0.606565322471256,0.0481094173883657,0.0817468962127514,0.145110519114501,0.102085836897264,0.177965730989483,0.180312531837696,0.0817468962127514,0.0273793432291512,0.192828803028165,0.261976662605288,0.219493960561187,0.0495631523847843,0.120367655791619,0.0566436027254677,0.0212413510220504,0.0991263047695685,0.10266652993991,0.106206755110252,
0.247279533798034,0.0222956956703145,0.0101344071228702,0,0.0202688142457405,0.0202688142457405,0.0324301027931847,0.089182782681258,0.622252597344232,0.325145561858753,0.0394115832556064,0.118234749766819,0.108381853952918,0.187205020464131,0.108381853952918,0.108381853952918,0.0394115832556064,0.0295586874417048,0.268752025067241,0.225170615596878,0.050844977715424,0.12348066016603,0.0581085459604846,0.0217907047351817,0.101689955430848,0.105321739553378,0.108953523675909,0.180519126876126,0.0855090600992175,0.057006040066145,0.0950100667769084,0.152016106843053,0.256527180297653,0.123513086809981,0.11401208013229,0,
0.273235208079415,0.25007968197099,0.162088682758975,0.0740976835469599,0.0833598939903299,0.0833598939903299,0.0370488417734799,0.10188431487707,0.0509421574385349,0.327817775904435,0.0890603206214362,0.0890603206214362,0.0322133074588173,0.0549521127238649,0.0227388052650475,0.0322133074588173,0.136432831590285,0.331607576781943,0.11291247205867,0.052113448642463,0.0955413225111822,0.0303995117081034,0.173711495474877,0.134626408993029,0.20411100718298,0.212796581956724,0.0998841098980541,0.534847051412062,0.107457855078222,0.0268644637695556,0.00732667193715153,0.0341911357067071,0.00488444795810102,0.0488444795810102,0.102573407120121,0.249106845863152,
0.269234498357885,0.0731446325018532,0.0731446325018532,0.026456569202798,0.0451317945224201,0.0186752253196221,0.026456569202798,0.112051351917733,0.272347035911156,0.46009897145575,0.0476454885433312,0.0348452080391527,0.0412453482912419,0.00284450677870634,0.00426676016805951,0.0853352033611902,0.0120891538095019,0.228271668991184,0.439266227061155,0.0882544017839764,0.0220636004459941,0.00601734557618021,0.0280809460221743,0.00401156371745347,0.0401156371745347,0.0842428380665229,0.204589749590127,0.408763145092768,0.0151929664547754,0.0188103394201982,0.00289389837233818,0.00940516971009908,0,0,0.123714155417457,0.337862634970482,
0.480752095004019,0.0497842200390561,0.0364093549539365,0.0430967874964963,0.00297219224113768,0.00445828836170651,0.0891657672341303,0.0126318170248351,0.238518427351299,0.0841571880495353,0.0661235048960635,0.0410767227384637,0.116217069211263,0.244456593858174,0.128239524646911,0.0671253761823675,0.122228296929087,0.0881646731947513,0.427111883649754,0.015874954967513,0.0196547061502542,0.00302380094619295,0.00982735307512708,0,0,0.129267490449749,0.353028760468027,0.320065151535126,0.056552865120868,0.0120325244938017,0.0084227671456612,0.0084227671456612,0.0120325244938017,0.049333350424587,0.160032575767563,0.330894423579547,
0.090585988661246,0.0711747053766933,0.0442145897037034,0.125094936722673,0.263130728968381,0.138035792245708,0.0722531100036129,0.131565364484191,0.0948996071689243,0.133448466979928,0.0109898737512882,0.0193631108951269,0.197817727523188,0.148101631981646,0.157521523768464,0.0544260414349512,0.0518094048275016,0.257477042173038,0.344515054029077,0.0608729606743106,0.0129516937604916,0.00906618563234413,0.00906618563234413,0.0129516937604916,0.0531019444180156,0.172257527014539,0.35617157841352,0.106681412153809,0.0215155789217767,0,0.0188261315565546,0.0233085438319247,0.00896482455074028,0.0502030174841456,0.23577488568447,0.565680429151712,
0.122703228677684,0.0101049717734564,0.017803997886566,0.181889491922215,0.136176524375626,0.144837928752875,0.0500436697352125,0.0476377240748657,0.236745052978121,0.0439656631190514,0.0747058828608272,0.132611878188358,0.0932929924721335,0.16263720909893,0.164781875592542,0.0747058828608272,0.0250211090921431,0.176220096891808,0.0980914506356677,0.0197831497080338,0,0.0173102559945296,0.0214317455170366,0.00824297904501409,0.0461606826520789,0.216790348883871,0.520131977740389,0.303149153203691,0.0182851870186353,0.0317584827165771,0.00481189132069351,0.00769902611310961,0.0019247565282774,0.00673664784897091,0.0240594566034675,0.549517988823198,
0.0498552538661749,0.0847133988457769,0.150376416132934,0.10579041674042,0.184423906578127,0.186855870181355,0.0847133988457769,0.0283729087043272,0.199826342731904,0.271483500117348,0.227459148746967,0.0513617432654442,0.124735662216079,0.0586991351605077,0.0220121756851904,0.102723486530888,0.10639218247842,0.110060878425952,0.34375867256593,0.0207346500912783,0.0360128133164307,0.00545648686612587,0.00873037898580139,0.00218259474645035,0.00763908161257622,0.0272824343306294,0.623130800111574,0.220680564843912,0.071187278981907,0.0640685510837164,0.113899646371051,0.113899646371051,0.163730741658386,0.0783060068800978,0.149493285862005,0.0996621905746699,
0.327969101201535,0.274784922628313,0.0620482083354255,0.150688505957462,0.0709122380976291,0.0265920892866109,0.124096416670851,0.128528431551953,0.132960446433055,0.220294882527623,0.104350207513085,0.0695668050087232,0.115944675014539,0.185511480023262,0.313050622539254,0.1507280775189,0.139133610017446,0,0.266595967980449,0.085998699348532,0.0773988294136788,0.137597918957651,0.137597918957651,0.197797008501624,0.0945985692833852,0.180597268631917,0.120398179087945,0.29587906940419,0,0.0328754521560211,0.0575320412730369,0.123282945585079,0.221909302053142,0.1561583977411,0.213690439014137,0.197252712936127,
0.112649429693532,0.051992044473938,0.0953187482022197,0.0303286926097972,0.173306814913127,0.134312781557673,0.203635507522924,0.21230084826858,0.0996514185750478,0.533601064756866,0.107207519859827,0.0268018799649567,0.00730960362680638,0.0341114835917631,0.00487306908453759,0.0487306908453759,0.102334450775289,0.248526523311417,0.180398839601611,0.0186619489243046,0.0684271460557834,0.105751043904393,0.186619489243046,0.286149883506003,0.0933097446215228,0.174178189960176,0,0.413839528685937,0.0982496722779564,0.0565679931297324,0.0565679931297325,0.0267953651667154,0.0267953651667154,0.154817665407689,0.160772191000292,0.119090511852068,
0.458997883737289,0.0922187528969895,0.0230546882242474,0.00628764224297656,0.0293423304672239,0.00419176149531771,0.0419176149531771,0.0880269914016718,0.213779836261203,0.427124615982047,0.0158754282046425,0.0196552920628907,0.00302389108659857,0.00982764603144534,0,0,0.129271343952089,0.353039284360383,0.35598030142656,0.0845133089717731,0.0486591778928391,0.0486591778928391,0.023049084265029,0.023049084265029,0.133172486864612,0.138294505590174,0.10244037451124,0.090686057417863,0.0647757552984736,0.0561389879253437,0.0241829486447635,0.0285013323313284,0.0319560392805803,0.0760035528835423,0.199509326319299,0.386063501578902,
0.442264555242323,0.0164381516107766,0.0203519972323901,0.00313107649729078,0.010175998616195,0,0,0.133853520259181,0.365553181058699,0.331420120373723,0.0585591942013721,0.0124594030215685,0.00872158211509797,0.00872158211509797,0.0124594030215685,0.051083552388431,0.165710060186861,0.342633583093135,0.0939005324204416,0.067071808871744,0.0581289010221781,0.0250401419787844,0.0295115959035674,0.0330887590433937,0.0786975890761796,0.206581171324972,0.399747980875594,0.171796506836883,0.027007311118462,0.0337591388980775,0.0382603574178212,0.0420113728509409,0.0885239642216255,0.154541835844533,0.246066612412654,0.189801380915858,
0.314866454498036,0.0556342983511568,0.0118370847555653,0.00828595932889569,0.00828595932889569,0.0118370847555653,0.0485320474978176,0.157433227249018,0.325519830778045,0.0975005231640143,0.0196639710582886,0,0.0172059746760025,0.021302635313146,0.00819332127428692,0.0458825991360067,0.215484349513746,0.516998572407505,0.163215670013877,0.0256583586048017,0.0320729482560021,0.0363493413568024,0.039913002274136,0.0841023976490722,0.146822829794143,0.233776156177082,0.180321242417079,0.301652278856622,0.0262306329440541,0.04210706867335,0.0255403531297369,0.0331334310872262,0.0220889540581508,0.0379653897874467,0.0138055962863443,0.439708241720065,
0.0816903278786442,0.0164753602444324,0,0.0144159402138784,0.0178483069314685,0.00686473343518018,0.038442507237009,0.180542489345239,0.43316467975987,0.252461897146601,0.0152278604628109,0.026448389224882,0.0040073317007397,0.00641173072118352,0.00160293268029588,0.00561026438103558,0.0200366585036985,0.457637280224474,0.252737859915736,0.021977205210064,0.0352791978372081,0.021398857704536,0.027760680265344,0.018507120176896,0.0318091128040401,0.01156695011056,0.368407361021337,0.163536160896208,0.0211773445764873,0.0105886722882437,0.00470607657255274,0.00470607657255274,0.00588259571569092,0.0164712680039346,0.0505903231549419,0.51178582726511,
0.295155329130048,0.0178030198522886,0.0309210344802907,0.00468500522428647,0.00749600835885836,0.00187400208971459,0.00655900731400106,0.0234250261214324,0.535027596613515,0.189478986123957,0.0611222535883732,0.0550100282295359,0.0977956057413971,0.0977956057413971,0.140581183253258,0.0672344789472105,0.128356732535584,0.0855711550237225,0.191191502319876,0.0247586118112069,0.0123793059056034,0.00550191373582376,0.00550191373582376,0.00687739216977969,0.0192566980753831,0.0591455726601054,0.598333118770833,0.167009281471469,0.109874527283861,0.109874527283861,0,0.0922946029184435,0.15821931928876,0.0527397730962534,0.114269508375216,0.11866448946657,
0.272475261888586,0.0878952457705115,0.0791057211934603,0.140632393232818,0.140632393232818,0.202159065272176,0.0966847703475626,0.184580016118074,0.123053344078716,0.302404149372469,0,0.0336004610413854,0.0588008068224245,0.126001728905195,0.226803112029352,0.159602189946581,0.218402996769005,0.201602766248312,0.240163295348188,0.158002167992229,0.158002167992229,0,0.132721821113472,0.22752312190881,0.0758410406362699,0.164322254711918,0.170642341431607,0.156758056433235,0.062703222573294,0.229911816102078,0.167208593528784,0.083604296764392,0.271713964484274,0.219461279006529,0.135856982242137,0,
0.196539690782676,0.020331692149932,0.0745495378830839,0.115212922182948,0.20331692149932,0.311752612965624,0.10165846074966,0.189762460066032,0,0.450867052034276,0.107040379259936,0.0616293092708723,0.0616293092708723,0.0291928307072553,0.0291928307072553,0.168669688530808,0.175156984243532,0.129745914254468,0.0747816348254348,0.099708846433913,0.099708846433913,0.216035833940145,0.14125419911471,0.14956326965087,0.182799551795507,0.166181410723188,0.0830907053615942,0.271803796649063,0.0539610478641523,0.207849962143401,0.029978359924529,0.0359740319094348,0.0239826879396232,0.151890356950947,0.0899350797735871,0.347748975124537,
0.408194479614231,0.0969094807717239,0.0557963677170532,0.0557963677170532,0.0264298583922883,0.0264298583922883,0.152705848488777,0.15857915035373,0.117466037299059,0.103987630404284,0.0742768788602032,0.0643732950121761,0.0277300347744759,0.0326818266984894,0.0366432602377002,0.0871515378626384,0.228772786889426,0.442690198006811,0.246078769406069,0.0488538733379695,0.188177882486994,0.0271410407433164,0.0325692488919797,0.0217128325946531,0.137514606432803,0.0814231222299492,0.31483607262247,0.243013575522064,0.114861885305351,0.00474635889691532,0.044615773631004,0.00759417423506451,0.029427425160875,0.089231547262008,0.224977411713786,0.339839297019137,
0.0970456773501785,0.0693183409644132,0.0600758955024914,0.0258788472933809,0.0305000700243418,0.0341970482091105,0.0813335200649115,0.213500490170393,0.413137312147903,0.177550733128223,0.0279119056446115,0.0348898820557644,0.0395418663298663,0.0434185198916179,0.0914890240573378,0.159718126744166,0.254308473650905,0.196158670224631,0.226790599517842,0.107193994303355,0.00442950389683286,0.0416373366302289,0.00708720623493257,0.0274629241603637,0.0832746732604577,0.209958484709877,0.317152479013233,0.204997440345425,0.0290589155128824,0.036455730370707,0.0137369418788171,0.0221904445734738,0.0258888520023861,0.00951019053148877,0.133671011359259,0.549477675152685,
0.164488573124206,0.02585846564398,0.032323082054975,0.0366328263289717,0.0402242798906356,0.0847583040552679,0.147967886740552,0.235599353645151,0.181727550220193,0.304004835593127,0.0264352030950546,0.042435457599956,0.025739539855711,0.03339183548849,0.0222612236589933,0.0382614781638947,0.0139132647868708,0.443137483461836,0.189916064340787,0.0269210915946991,0.0337737330915316,0.0127263342084032,0.0205579244904975,0.0239842452389138,0.00881053906735608,0.123837021335616,0.509053368336129,0.30835556642288,0.0599938654337404,0.0341900523439596,0.016127383181113,0.014837192526624,0.0245136224352918,0.0509625308523171,0.0767663439420979,0.363833764565909,
0.288008618264395,0.0250442276751648,0.0402025760048698,0.0243851690521342,0.0316348139054713,0.0210898759369809,0.0362482242666859,0.0131811724606131,0.419820342870526,0.186358402147125,0.0241327427240881,0.0120663713620441,0.00536283171646403,0.00536283171646403,0.00670353964558004,0.0187699110076241,0.0576504409519884,0.583207949165463,0.292130421038594,0.0568370902857515,0.0323910299477939,0.0152787877112235,0.0140564846943257,0.0232237573210598,0.0482809691674664,0.072727029505424,0.344689450765203,0.201342409335865,0.156361658314022,0.00749679183697368,0.11352284781703,0.00428388104969925,0.132800312540677,0.0182064944612218,0.0717550075824624,0.193845617498891,
0.215786784723522,0.0279436124102403,0.0139718062051201,0.00620969164672006,0.00620969164672006,0.00776211455840007,0.0217339207635202,0.0667541852022406,0.675303966580806,0.188493711438176,0.124009020683011,0.124009020683011,0,0.104167577373729,0.178572989783535,0.0595243299278451,0.128969381510331,0.133929742337651,0.23313695888406,0.181053170197196,0.00868063144781074,0.131449561923991,0.00496036082732043,0.153771185646933,0.0210815335161118,0.0830860438576171,0.224456327436249,0.183555202420668,0,0.0321221604236169,0.100955361331367,0.174377442299634,0.0917776012103339,0.206499602723251,0.119310881573434,0.133077521754984,
0.239969136345862,0.157874431806488,0.157874431806488,0,0.13261452271745,0.227339181801343,0.0757797272671144,0.164189409078748,0.170504386351007,0.156631326044233,0.062652530417693,0.229725944864874,0.167073414447181,0.0835367072235907,0.27149429847667,0.219283856461926,0.135747149238335,0,0.233681978356741,0,0.0408943462124296,0.128525088096207,0.221997879438904,0.11684098917837,0.262892225651333,0.151893285931881,0.169419434308637,0.176819363623267,0.229865172710247,0.13261452271745,0.114932586355124,0.0707277454493068,0.274070013616064,0.21218323634792,0.02652290454349,0.0884096818116335,
0.0760742551654458,0.101432340220594,0.101432340220594,0.219770070477955,0.143695815312509,0.152148510330892,0.185959290404423,0.169053900367657,0.0845269501838287,0.276501997174646,0.0548937788508489,0.211442703721788,0.0304965438060271,0.0365958525672326,0.0243972350448217,0.154515821950538,0.0914896314180814,0.353759908149915,0.131054174090325,0.0764482682193565,0.120132992916132,0.131054174090325,0.22934480465807,0.273029529354845,0.141975355264519,0.0764482682193565,0.054605905870969,0.247169289273338,0.266451999784024,0.0315535262902133,0.0420713683869511,0.0157767631451067,0.0122708157795274,0.0438243420697407,0.205097920886387,0.369877447068612,
0.257895864200607,0.051199914216297,0.1972144843887,0.0284443967868317,0.034133276144198,0.0227555174294654,0.144118277053281,0.0853331903604951,0.329955002727248,0.254683474819899,0.120377736145343,0.00497428661757616,0.0467582942052159,0.00795885858812185,0.0308405770289722,0.0935165884104318,0.23578118567311,0.356158921818453,0.230536987480546,0.24852214253222,0.0294302537209208,0.039240338294561,0.0147151268604604,0.011445098669247,0.0408753523901677,0.191296649185985,0.344987974173015,0.188090560093482,0.181258210688377,0.0566683097717543,0.0333579412131603,0.0968586003900198,0.112934716637326,0.0341617470255256,0.161564968285427,0.28615486920205,
0.234183406487606,0.110688250722658,0.00457389465796106,0.0429946097848339,0.00731823145273769,0.0283581468793586,0.0859892195696679,0.216802606787354,0.327490857510012,0.211679844770438,0.0300061635628198,0.037644096106083,0.0141847318660603,0.0229137976297897,0.0267327639014213,0.00982019898419557,0.138028352388971,0.567389274642411,0.172950711160204,0.16666831353259,0.0521069450290358,0.0306728825348225,0.0890622251914726,0.103844337256447,0.0314119881380713,0.148560226252996,0.26312159475655,0.149235503859938,0.158941878094731,0.0452964130956993,0.0606648389674545,0.120520813415343,0.00647091615652848,0.0436786840565672,0.125778432792522,0.347811743413406,
0.207347396399901,0.0293920278401921,0.0368736349267865,0.0138944131608181,0.0224448212597831,0.0261856248030803,0.0096192091113356,0.135203328064884,0.555776526432724,0.336657797143861,0.0655003663899143,0.0373281657921017,0.0176076253736329,0.0161990153437422,0.026763590567922,0.0556400961806799,0.0838122967784925,0.397228028429158,0.146181102926181,0.15568881693764,0.0443693320534751,0.0594232125716185,0.118054115642282,0.00633847600763931,0.0427847130515653,0.123204127398489,0.340693085410613,0.13814218518234,0.105059590672653,0.0523062642923424,0.0397885258292177,0.110871397816247,0.0885182934178102,0.182401331891245,0.139483371446246,0.180166021451401,
0.370908402080108,0.0721641870155858,0.0411258270088822,0.0193989750041897,0.0178470570038546,0.0294864420063684,0.0613007610132395,0.0923391210199431,0.43764087609452,0.255637845083783,0.198527262671449,0.00951843040205576,0.144136231802559,0.00543910308688901,0.168612195693559,0.0231161881192783,0.0911049767053909,0.246119414681728,0.152196377450723,0.115748054048285,0.0576277545687205,0.0438364970650951,0.122151137889254,0.0975238923470655,0.200958323624256,0.153674012183255,0.198495599070037,0.0162476763619729,0.0178724439981701,0.178724439981701,0.183598742890293,0.147853854893953,0.385069929778757,0.0373696556325376,0.13160617853198,0.0438687261773267,
0.263339757264641,0.204508534897008,0.00980520372793876,0.148478799308787,0.00560297355882215,0.173692180323487,0.0238126376249941,0.093849807110271,0.253534553536702,0.207334704379322,0,0.0362835732663813,0.114034087408627,0.196967969160356,0.103667352189661,0.233251542426737,0.134767557846559,0.150317660675008,0.0167371898627689,0.0184109088490458,0.184109088490457,0.189130245449288,0.152308427751197,0.396671399747622,0.0384955366843684,0.135571237888428,0.0451904126294759,0.0666912642224175,0.0285819703810361,0.0238183086508634,0.200073792667252,0.376329276683641,0.276292380350015,0.14290985190518,0.0619276024922448,0,
0.215293997918835,0,0.0376764496357961,0.118411698855359,0.204529298022893,0.107646998959417,0.242205747658689,0.139941098647243,0.156088148491155,0.162905791758585,0.21177752928616,0.122179343818939,0.10588876464308,0.065162316703434,0.252503977225807,0.195486950110302,0.0244358687637877,0.0814528958792925,0.06925144993786,0.0296791928305114,0.0247326606920929,0.20775434981358,0.390776038935067,0.286898864028277,0.148395964152557,0.0643049177994414,0,0.0528660622293485,0.0646140760580926,0.158598186688045,0.0998581175443249,0.3994324701773,0.146850172859301,0.135102159030557,0.135102159030557,0.0293700345718603,
0.136025136760146,0.0793479964434186,0.124689708696801,0.136025136760146,0.238043989330256,0.283385701583638,0.147360564823492,0.0793479964434186,0.0566771403167276,0.256544567234779,0.276558682409123,0.0327503702852909,0.0436671603803879,0.0163751851426454,0.0127362551109465,0.0454866253962373,0.212877406854391,0.383907118344243,0.159247446143973,0.0872399052788722,0.132936998520186,0.145399842131454,0.268643517842876,0.157862685742721,0.0803161032726125,0.117704634106415,0.131552238118934,0.131942678081693,0.156982894359971,0.180096940155304,0.127127251874332,0.0645267111786383,0.103050120837527,0.0443019211077218,0.178170769672359,0.294704083890497,
0.251669477082923,0.271303266075208,0.0321280183510115,0.0428373578013487,0.0160640091755057,0.0124942293587267,0.0446222477097382,0.208832119281575,0.37661177067019,0.205332139628811,0.197873493531183,0.0618628882215007,0.0364157427119472,0.105737277031076,0.123287032554906,0.0372932304881387,0.176375043014491,0.312385648324174,0.129435384875454,0.153999764486853,0.176674576435838,0.124711465719415,0.0633005166909152,0.101091869939223,0.0434600562355537,0.174785008773423,0.289103852349553,0.0746266379215709,0.0933875245498988,0.127157120480889,0.156757630494473,0.198865398260276,0.277661122099253,0.137162926682664,0.135495292315701,0.0554488427015024,
0.208354584806655,0.200786149033764,0.0627734967045692,0.0369517746558811,0.107293707133342,0.125101791304851,0.0378421788644566,0.178971245923665,0.31698389825286,0.179784756226571,0.191478073704722,0.0545688148980378,0.0730832342384434,0.145192025353708,0.00779554498543397,0.0526199286516793,0.151525905654373,0.419010542967076,0.0757251260702481,0.0947621689370702,0.12902884609735,0.159065069287225,0.201792654388315,0.281748234428968,0.139181935626322,0.13748975403816,0.0562650378063854,0.0683406219759031,0.130986192120481,0.0860585610066927,0.161992585424363,0.161359801887549,0.27779197266131,0.242988878136544,0.030373609767068,0.115166603700133,
0.169371257667888,0.180387274426775,0.0514080782081393,0.0688501047430437,0.136782208089514,0.00734401117259133,0.0495720754149915,0.142749217167244,0.394740600526784,0.160057046861511,0.121726233050016,0.0606041245397954,0.0461005733678785,0.128460024665549,0.102560826144269,0.211337459933645,0.161610998772788,0.208747540081517,0.0643821942238376,0.123399205595689,0.0810738742077955,0.152609645567615,0.152013514139616,0.26170169689134,0.228914468351422,0.0286143085439278,0.108495919895726,0.0564240263400455,0.0639472298520516,0.0388698848120314,0.0689626988600557,0.105324849168085,0.511577838816413,0.19811102581616,0.114101919932092,0.0438853538200354,
0.149642532488825,0.113805809497974,0.0566607647287783,0.0431009235971049,0.120101450023393,0.0958874480025479,0.197586256490099,0.151095372610075,0.195164856288014,0.0159750414470386,0.0175725455917424,0.175725455917424,0.180517968351536,0.145372877168051,0.378608482294814,0.0367425953281887,0.129397835721012,0.0431326119070041,0.0527526551333053,0.0597863424844127,0.0363407179807214,0.0644754673851509,0.0984716229155033,0.478290739875302,0.185220433579161,0.106677591491795,0.0410298428814597,0.0598071522103036,0.00664523913447817,0.0299035761051518,0.126259543555085,0.418650065472125,0.272454804513605,0.122936923987846,0.0664523913447817,0.0199357174034345,
0.015368843995658,0.0169057283952238,0.169057283952238,0.173667937150935,0.139856480360488,0.364241602697094,0.0353483411900133,0.12448763636483,0.0414958787882765,0.0612389322288526,0.0262452566695082,0.0218710472245902,0.183716796686558,0.345562546148525,0.253704147805246,0.131226283347541,0.0568647227839345,0,0.0575376780831527,0.00639307534257252,0.0287688390415763,0.121468431508878,0.402763746582069,0.262116089045473,0.118271893837592,0.0639307534257252,0.0191792260277176,0.0452536013777908,0,0.0282835008611193,0.186671105683387,0.378998911538998,0.231924707061178,0.14707420447782,0.039596901205567,0.0226268006888954,
0.0622664933232064,0.0266856399956599,0.0222380333297166,0.186799479969619,0.351360926609522,0.257961186624712,0.133428199978299,0.0578188866572631,0,0.0475337962422692,0.0580968620738845,0.142601388726807,0.0897860595687306,0.359144238274923,0.132038322895192,0.121475257063577,0.121475257063577,0.0264076645790384,0.0460129359785549,0,0.0287580849865968,0.189803360911539,0.385358338820398,0.235816296890094,0.149542041930303,0.0402613189812355,0.0230064679892775,0.0920580038956423,0.0184116007791285,0.0736464031165139,0.141155605973318,0.331408814024312,0.349820414803441,0.0429604018179664,0.0490976020776759,0,
0.139159505544839,0.0762352073854336,0.116167935063518,0.127058678975723,0.234756035440859,0.137949422887927,0.0701847941008754,0.10285702583749,0.114957852406606,0.11529904112566,0.137180610974326,0.157378983142325,0.111091046923994,0.0563871223023302,0.0900510759156617,0.0387135466553312,0.155695785461658,0.257529245141986,0.0887270972522106,0.0614264519438381,0.0989648392428502,0.487999034887158,0.221817743130526,0.0614264519438381,0.0443635486261053,0.030713225971919,0.0238880646448259,0.028633932637386,0.0234277630669522,0.0416493565634706,0.0520616957043382,0.468555261339044,0.333194852507765,0.127551154475629,0.028633932637386,0.0156185087113015,
0.106247058182643,0.126410733458181,0.145023356789447,0.102369428321963,0.0519602401331175,0.0829812790185607,0.0356741947182598,0.143472304845175,0.237310947473641,0.0612572887148099,0.0766571657660191,0.104376944458196,0.128674528250103,0.163238696742817,0.227918180357896,0.11259021221884,0.111221334258733,0.0455151921735738,0.0263859185403509,0.0215884788057416,0.038379517876874,0.0479743973460925,0.431769576114832,0.307036143014992,0.117537273497927,0.0263859185403509,0.0143923192038277,0.00879701102721525,0.0516824397848896,0.0318891649736553,0.122058528002612,0.598196749850637,0.181438352436315,0.00879701102721525,0.0285902858384496,0,
0.0624399139644268,0.0781370990392827,0.106392032174023,0.131158701958796,0.166390161793472,0.232318339107867,0.114763864213946,0.113368558873959,0.0463939025545741,0.0563509468771601,0.108005981514557,0.0709604516230905,0.133572614819935,0.133050846793295,0.229056163695123,0.200358922229903,0.0250448652787378,0.0949617808485476,0.00896684497808399,0.0526802142462434,0.0325048130455545,0.124414974070915,0.609745458509711,0.184941177672982,0.00896684497808399,0.029142246178773,0,0.0257326504047638,0.0624935795544263,0.014704371659865,0.0257326504047638,0.268354782792536,0.08822622995919,0.41172240647622,0.0992545087040888,0.0551413937244938,
0.0617817793923361,0.118415077168644,0.0777992777533121,0.146445699300352,0.14587364578746,0.251131492159588,0.219668548950528,0.027458568618816,0.104113739346344,0.0541450441351588,0.06136438335318,0.0372999192931094,0.0661772761651941,0.101070749052296,0.49091506682544,0.190109266074558,0.109493311473321,0.0421128121051235,0.0282126391585373,0.0685164093850191,0.0161215080905927,0.0282126391585373,0.294217522653317,0.0967290485435564,0.451402226536597,0.108820179611501,0.0604556553397228,0.197378052821469,0.071056099015729,0.110531709580023,0.165797564370034,0.071056099015729,0.157902442257175,0.165797564370034,0.181587808595752,0.0315804884514351,
0.0548116214832779,0.0621198376810483,0.0377591170218137,0.0669919818128952,0.102315026768785,0.496958701448386,0.192449693207954,0.110841278999518,0.0426312611536606,0.0621414596224618,0.00690460662471798,0.0310707298112309,0.131187525869642,0.434990217357233,0.283088871613437,0.127735222557283,0.0690460662471798,0.0207138198741539,0.199807965681051,0.0719308676451784,0.111892460781389,0.167838691172083,0.0719308676451784,0.159846372544841,0.167838691172083,0.183823328426567,0.0319692745089682,0.0848638923328974,0.0353599551387072,0.120223847471605,0.134367829527088,0.261663668026434,0.0919358833606388,0.14851181158257,0.190943757749019,0.0990078743883803,
0.062155244488937,0.00690613827654855,0.0310776222444685,0.131216627254423,0.435086711422559,0.283151669338491,0.127763558116148,0.0690613827654855,0.0207184148296457,0.0488853348161971,0,0.0305533342601232,0.201652006116813,0.409414679085651,0.25053734093301,0.158877338152641,0.0427746679641725,0.0244426674080985,0.0848827177263058,0.0353677990526274,0.120250516778933,0.134397636399984,0.261721712989443,0.0919562775368313,0.148544756021035,0.190986114884188,0.0990298373473568,0.177082911118673,0.0321968929306677,0.136836794955338,0.265624366678009,0.201230580816673,0.144886018188005,0.0885414555593363,0.0724430090940024,0.0482953393960016,
0.0492834951876624,0,0.030802184492289,0.203294417649108,0.412749272196673,0.25257791283677,0.160171359359903,0.0431230582892046,0.0246417475938312,0.0986014062239196,0.0197202812447839,0.0788811249791357,0.151188822876677,0.354965062406111,0.374685343650895,0.0460139895711625,0.0525874166527571,0,0.178525212740136,0.0324591295891156,0.137951300753741,0.267787819110204,0.202869559931973,0.14606608315102,0.0892626063700679,0.0730330415755101,0.0486886943836734,0.185785807516649,0.141551091441256,0.159244977871413,0.0973163753658635,0.194632750731727,0.132704148226178,0.150398034656335,0.115010261796021,0,
0.0863494347296942,0.0597803778897883,0.0963128310446589,0.474921891013318,0.215873586824235,0.0597803778897883,0.0431747173648471,0.0298901889448941,0.0232479247349177,0.0278666154297618,0.022799958078896,0.0405332588069262,0.0506665735086578,0.45599916157792,0.32426607045541,0.124133105096212,0.0278666154297618,0.0151999720525973,0.0392551830787799,0.0883241619272547,0.206089711163594,0.196275915393899,0.304227668860544,0.0883241619272547,0.0981379576969497,0.0686965703878648,0,0.136166416304518,0.104743397157321,0.0837947177258571,0.0523716985786607,0.209486794314643,0.136166416304518,0.209486794314643,0.115217736873053,0.0418973588629285,
0.0260668599622183,0.0213274308781786,0.0379154326723175,0.0473942908403969,0.426548617563572,0.30332346137854,0.116116012558972,0.0260668599622183,0.0142182872521191,0.00869063755282331,0.051057495622837,0.0315035611289845,0.120582596045423,0.590963353591985,0.179244399526981,0.00869063755282331,0.0282445720466758,0,0.127372156633567,0.0979785820258205,0.0783828656206564,0.0489892910129103,0.195957164051641,0.127372156633567,0.195957164051641,0.107776440228403,0.0391914328103282,0.209509341752409,0.0666620632848573,0.161893582263225,0.038092607591347,0.238078797445919,0.142847278467551,0.104754670876204,0.038092607591347,0.0190463037956735,
0.00889690478146998,0.0522693155911361,0.0322512798328287,0.123444553842896,0.604989525139959,0.183498661117818,0.00889690478146998,0.0289149405397774,0,0.0255319391587115,0.0620061379568708,0.0145896795192637,0.0255319391587115,0.266261651226563,0.0875380771155823,0.408511026539384,0.0984803367550301,0.0547112981972389,0.21448192414768,0.0682442485924438,0.165736032295935,0.0389967134813965,0.243729459258728,0.146237675555237,0.10724096207384,0.0389967134813965,0.0194983567406982,0.134891649003537,0.0539566596014149,0.0899277660023582,0.116906095803066,0.10791331920283,0.161869978804245,0.206833861805424,0.134891649003537,0.0359711064009433,
0.0299463267314485,0.0727267934906607,0.0171121867036849,0.0299463267314485,0.312297407342249,0.102673120222109,0.479141227703176,0.115507260249873,0.0641707001388183,0.209507080361895,0.0754225489302823,0.117323965002661,0.175985947503992,0.0754225489302823,0.167605664289516,0.175985947503992,0.192746513932944,0.0335211328579032,0.158213967583638,0.0632855870334553,0.105475978389092,0.13711877190582,0.126571174066911,0.189856761100366,0.242594750294912,0.158213967583638,0.0421903913556368,0.278073033934879,0.0222458427147903,0.211335505790508,0.177966741718323,0.122352134931347,0.133475056288742,0.233581348505299,0,0.0444916854295807,
0.228653916928115,0.0823154100941213,0.128046193479744,0.192069290219616,0.0823154100941213,0.182923133542492,0.192069290219616,0.210361603573866,0.0365846267084984,0.0971155545352866,0.0404648143897027,0.137580368924989,0.15376629468087,0.2994396264838,0.105208517413227,0.169952220436751,0.218509997704395,0.113301480291168,0.303486107922771,0.0242788886338216,0.230649442021306,0.194231109070573,0.133533887486019,0.14567333180293,0.254928330655127,0,0.0485577772676433,0.162148291947309,0.286144044612898,0.123995752665589,0.190762696408599,0.162148291947309,0.123995752665589,0.0572288089225796,0.114457617845159,0.114457617845159,
0.0968456242328746,0.0403523434303644,0.137197967663239,0.153338905035385,0.298607341384697,0.104916092918948,0.169479842407531,0.217902654523968,0.11298656160502,0.20204000917548,0.0367345471228145,0.156121825271962,0.30306001376322,0.229590919517591,0.165305462052665,0.10102000458774,0.0826527310263327,0.0551018206842218,0.16169760474596,0.285348714257577,0.123651109511617,0.190232476171718,0.16169760474596,0.123651109511617,0.0570697428515154,0.114139485703031,0.114139485703031,0.230815404421684,0.168672795538923,0.115407702210842,0.0887751555468018,0.257447951085725,0.133162733320203,0.284080497749766,0.0355100622187207,0.0177550311093604,
0.203981107402559,0.0370874740731925,0.157621764811068,0.305971661103838,0.231796712957453,0.166893633329366,0.101990553701279,0.0834468166646831,0.0556312111097887,0.212276989761036,0.161734849341742,0.181951705509459,0.111192708922447,0.222385417844895,0.151626421257883,0.171843277425601,0.131409565090165,0,0.233032962093226,0.170293318452742,0.116516481046613,0.0896280623435485,0.259921380796291,0.134442093515323,0.286809799499355,0.0358512249374194,0.0179256124687097,0.151358648328509,0.17806899803354,0.160262098230186,0.106841398820124,0.115744848721801,0.195875897836894,0.240393147345279,0.151358648328509,0.044517249508385,
