0.0643161990771439,0.082388519478986,0.0409284903218189,0.106307767069659,0.379518728438684,0.145110102050085,0.0616585049004025,0.14670471855613,0.178597048677028,0.0752270998163726,0.0278150621169781,0.0941919148961304,0.17068333571782,0.436822907337088,0.057526605741932,0.133385866060963,0.128960742542353,0.0809165443403,0.0455121467864606,0.139245496715719,0.124616592391499,0.29041084139932,0.293661709026924,0.156583457396275,0.053097504584204,0.0330504875473107,0.0693518427222256,0.0811604814800779,0.147969414405752,0.24199680148633,0.175187868560656,0.315239187212254,0.0866041723110587,0.0519625033866352,0.0697782188334816,0.0356314308936927,
0.06859278467465,0.025362038030963,0.0858850833321248,0.155630687917273,0.39829927907717,0.0524533059276736,0.121622500557573,0.117587630870829,0.0737804742718925,0.0904115234136052,0.184986735405469,0.0362835718962495,0.113609216921043,0.465738308110874,0.0184391922751432,0.0612657033657983,0.0243873188155119,0.104092214456453,0.0740028984746569,0.134919918560503,0.220654983866508,0.159737963780662,0.287438087368027,0.0789665075186888,0.0473799045112133,0.0636244432007721,0.0324890773791177,0.0366210832541456,0.0662667220789301,0.084867907223893,0.118582555299138,0.39178746211578,0.318545295607489,0.0377836573257058,0.0168573240376226,0.0279017777174443,
0.0925259367520838,0.189312936380908,0.0371321193544547,0.116266144208211,0.476630318926852,0.0188704213112802,0.0626984966148989,0.0249576539923384,0.106526571918517,0.0789607728466796,0.0183881251834733,0.0194697796060306,0.141696729355,0.332067907725077,0.221739156624237,0.116818677636183,0.142778383777558,0.0530010667053055,0.0374775239375734,0.0678164718870376,0.0868526745219955,0.121355791797857,0.400950017998801,0.325994970123654,0.0386672866022583,0.0172515586379306,0.0285543039524369,0.0883723802292495,0.0704321225887252,0.140199791190764,0.179402576405243,0.263788232714376,0.15614668687123,0.0624586747484921,0.0750833004955278,0.0890368342159356,
0.0916841671455306,0.0213511074174523,0.0226070549125966,0.164529121863897,0.385575881009286,0.257469236504572,0.135642329475579,0.165785069359042,0.0615414272620685,0.0990646226507041,0.196294715252321,0.0981473576261606,0.064208551718049,0.199963775350495,0.235737111307694,0.262337797019457,0.080719322159833,0.0697121418653103,0.102612319863174,0.0817812474097476,0.162790973617516,0.208310724534263,0.306293917185564,0.181307482465006,0.0725229929860026,0.0871818958235988,0.103383841065153,0.132989216838648,0.261930935773511,0.0913578098282886,0.134723858797413,0.202374895189247,0.186184903574107,0.146866352508768,0.0393185510653394,0.110438871374703,
0.0797006439977085,0.157925350143608,0.0789626750718038,0.0516578248133296,0.160877225847226,0.18965801395751,0.211059112808746,0.0649412654796143,0.0560856383687578,0.0403716394969704,0.0650766726219821,0.0982175707165101,0.0783330318597933,0.68571530966496,0.0295255273933067,0.0114486738872006,0.0241024713414749,0.0180768535061062,0.106994060474684,0.210731779978398,0.0735002676304347,0.108389635176527,0.162817048548431,0.149791684664557,0.118158658089433,0.0316330265751238,0.0888515893507154,0.10621327952868,0.0804646057035455,0.0729545758378813,0.220473019627715,0.346534235229936,0.0852924820457582,0.0225300895969927,0.0820738978176164,0.0343315651001794,
0.039068215160829,0.0629756304085004,0.0950465533017183,0.0758039995657876,0.663576550045125,0.0285722767594122,0.0110790460903843,0.0233243075587039,0.0174932306690279,0.091942503330036,0.0956573519494314,0.00928712154848848,0.110516746427013,0.245180008880096,0.101229624878524,0.0464356077424424,0.091942503330036,0.224748341473421,0.102784115514435,0.0778667541776025,0.0705991904543596,0.213354906446631,0.335346154658208,0.0825387594282587,0.0218026911697287,0.0794240892611545,0.0332231484491104,0.00612032194540079,0.19166271355334,0.261241110406318,0.156873515126852,0.14817621552023,0.166215059148779,0.0331785873882253,0.036399809464752,0.0170724770055917,
0.106519440492429,0.110823256269901,0.0107595394436797,0.128038519379788,0.284051841313144,0.117278979936109,0.0537976972183985,0.106519440492429,0.260380854537049,0.200715002434198,0.191091680399681,0.144349830517745,0.0783613365667758,0.248831612606779,0.0329942469754845,0.0494913704632268,0.131976987901938,0.100357501217099,0.00709066259505087,0.22204969705554,0.302659334978224,0.181744878094199,0.171668673353863,0.192567468370855,0.0384388551205389,0.0421707828021447,0.0197792167125103,0.0700605163398955,0.0505499928022031,0.0589749916025703,0.217719705841068,0.514368347811891,0.0886841978986019,0.0589749916025703,0.0354736791594408,0.0833631460246858,
0.0458364186990698,0.140237614353106,0.125504479771263,0.29248000503216,0.295754034939236,0.157699107190847,0.0534758218155815,0.0332859707219436,0.0698459713509636,0.0817387461064713,0.149023689547774,0.243721017354052,0.176436073912749,0.317485251645257,0.0872212229794663,0.0523327337876798,0.0702753853720271,0.0358853031686947,0.0980806388931399,0.0289783705820641,0.0705883385973355,0.185758785782462,0.448793226450428,0.0713313737404654,0.0527554951622192,0.130031150047723,0.127802044618334,0.0556868293388274,0.0791339153762284,0.121631758819018,0.246927124831379,0.252056174902061,0.249125289147386,0.0959865084656104,0.0498250578294771,0.063746765164184,
0.0783538793768389,0.142852499595578,0.233628335458989,0.16912971524025,0.304337933921014,0.0836093225057732,0.0501655935034639,0.0673652255617944,0.034399264116661,0.0387742101875531,0.0701628565298579,0.0898576934505198,0.125554585369219,0.414822502641441,0.337274082266335,0.0400051374950944,0.0178484459593498,0.0295422553809928,0.0533807932802097,0.0758569167666139,0.116594890585721,0.236701675466193,0.241618327478844,0.238808812043044,0.0920116305224668,0.0477617624086087,0.0611069607286612,0.0381001909125029,0.0887020069681708,0.0422673992935579,0.235149615788104,0.376239385260966,0.17799932941935,0.0946551617982494,0.0738191198929744,0.0369095599464872,
0.0378729878138208,0.0685320731869138,0.0877691463621879,0.122636341492372,0.40518085375421,0.329434878126568,0.0390753048872754,0.0174335975650921,0.0288556097629111,0.089304888046385,0.0711753243076451,0.141679183291633,0.181295637387398,0.266571733491841,0.157794351059402,0.0631177404237608,0.0758755815732444,0.089976353370042,0.0372146346541619,0.0866403213042206,0.0412849853194608,0.229684073256155,0.367494517209849,0.173862121274913,0.0924551079689334,0.0721033546424387,0.0360516773212193,0.0264369951849151,0.0096134527945146,0.128579931126633,0.251752295056351,0.361706161393612,0.223512777472464,0.0985378911437746,0.00360504479794297,0.0330462439811439,
0.0947356034918402,0.075503563685226,0.150294829599837,0.192320398066142,0.28278221493429,0.167389976094605,0.0669559904378419,0.0804896480795334,0.0954479012624555,0.122780712217754,0.241824620150621,0.0843450110017617,0.124382199768421,0.186840214244409,0.171892997104856,0.135592612623085,0.0363003844817709,0.101961374059092,0.0280446540849249,0.0101980560308818,0.136398999413044,0.267061592308717,0.383701858161927,0.237104802718001,0.104530074316538,0.00382427101158067,0.0350558176061561,0.0524051203455065,0.0343343891918836,0.112038533152462,0.273470398124827,0.424059824405018,0.137337556767534,0.0686687783837671,0.0355391046021251,0.0680664206786464,
0.119980910296951,0.236310227671821,0.0824216688126881,0.121545878692129,0.182579646104056,0.167973274415731,0.132500657458372,0.0354726169573594,0.0996363211596419,0.11910535881093,0.0902313324325229,0.0818097414054874,0.247233850865113,0.388596271676065,0.0956452123784743,0.0252647730811064,0.0920359590811734,0.0384987018378764,0.0512101121560845,0.0335514527919174,0.109483688057836,0.267234378377728,0.414389873079121,0.13420581116767,0.0671029055838349,0.0347286967495286,0.0665142836050293,0.0764293419600707,0.0184297704017192,0.123587872105646,0.233082390374684,0.382146709800353,0.192428485076774,0.0623359881234619,0.0851021750902914,0.00487846863574919,
0.112659587717942,0.0853481725135924,0.0773823430789904,0.233853992687243,0.367566129625205,0.0904690628644079,0.0238974883038059,0.0870551359638642,0.0364152202724661,0.00670836095265214,0.210077619306738,0.28634109118952,0.171945883365347,0.162412949379999,0.182184960608869,0.0363663777959563,0.0398970940868259,0.0187127963416086,0.0722931213233118,0.0174323838651957,0.116899515331313,0.220468384177476,0.361465606616559,0.182014596239544,0.0589624748381621,0.0804965960834039,0.00461445455255182,0.0108679793591958,0.0393964251770847,0.0903400784233148,0.1297365036004,0.499927050523005,0.0978118142327619,0.0862645861636164,0.0794720990641191,0.0808305964840185,
0.00674348077181897,0.211177424170121,0.287840152944484,0.172846059782939,0.163263218686144,0.183138740960978,0.0365567641840713,0.0401059645902918,0.0188107621529687,0.0666301263765611,0.0480749013096707,0.0560873848612825,0.207059443360073,0.48918320630893,0.0843419321222293,0.0560873848612825,0.0337367728488917,0.0792814161948955,0.0109248757415607,0.0396026745631574,0.0908130296017231,0.13041570416488,0.502544284111791,0.098323881674046,0.0867162011986378,0.0798881538601624,0.0812537633278575,0.163196395374765,0.079607997743788,0.159215995487576,0.122728996521673,0.214278193927029,0.104817197029321,0.0537353984770569,0.0822615976685809,0.140640796014025,
0.0988336763033523,0.0292008589078086,0.0711302973395338,0.187184992998773,0.452238943085036,0.0718790373115289,0.0531605380116516,0.131029495099141,0.128783275183156,0.0561143782029201,0.079741484814676,0.122565615548483,0.248822966505054,0.253991396076375,0.251038007749906,0.0967234676918755,0.0502076015499811,0.0642361961007112,0.209606112222274,0.0544595941121317,0.103853179469646,0.0272297970560659,0.32675756467279,0.156413020298797,0.12728346995975,0.0829558933568518,0.134882483091675,0.350915621345926,0.0627202128649958,0.0690716268260081,0.0770108942772734,0.0778048210223999,0.220711635145175,0.0698655535711346,0.124646498984865,0.170694250202204,
0.0560437077984479,0.0796410584504259,0.122411256507136,0.248509599053644,0.253671519508764,0.250721850677267,0.0966016542315351,0.0501443701354534,0.0641552970850653,0.040000828675527,0.0931269292602113,0.0443759193119128,0.246880114481768,0.395008183170829,0.186878871468478,0.0993770587407624,0.0775016055588336,0.0387508027794168,0.350473678484037,0.0626412230774636,0.0689846380726497,0.0769139068166325,0.0777068336910307,0.22043367108272,0.069777564947048,0.124489519280529,0.170479277995629,0.116286267019184,0.0912399941227448,0.104657640317266,0.271930962875631,0.321128998922209,0.16995685179727,0.0760333284356206,0.0187847046723298,0.0518815652854823,
0.0393914748256826,0.0917082773285423,0.0436999173847416,0.24311925868976,0.388990813903615,0.184032046451236,0.0978631952700552,0.07632098247476,0.03816049123738,0.0279834059899017,0.0101757839963279,0.136101110950885,0.266478343403837,0.382863872861837,0.236586977914623,0.104301785962361,0.00381591899862296,0.0349792574873771,0.11451481660582,0.0898500868753359,0.103063334945238,0.267788494216687,0.316237070472996,0.16736780888543,0.0748750723961132,0.0184985472978633,0.051091225870289,0.165322223426332,0.106973203393509,0.062887277146487,0.218484663900682,0.131609456296256,0.190606798773889,0.0771503709322882,0.110863138062364,0.139389325633966,
0.0284503435640554,0.0103455794778383,0.138372125516088,0.270924862575892,0.389252427853668,0.240534722859741,0.106042189647843,0.00387959230418938,0.0355629294550693,0.0531632044321336,0.0348310649727772,0.11365926464801,0.277426377151594,0.430194205979564,0.139324259891109,0.0696621299455543,0.0360532076034009,0.0690510586302424,0.168080828221912,0.108758182967119,0.0639366287746095,0.222130349454056,0.133805522074698,0.193787307832322,0.0784377198368921,0.112713025984105,0.141715208108671,0.140996197088873,0.0891054033647152,0.161962174351159,0.0471734488401433,0.216473715233102,0.11216797835323,0.139947898225759,0.123699265847487,0.191838691949916,
0.0530915561947053,0.0347841230241173,0.113506085657646,0.277052488648232,0.429614431736466,0.139136492096469,0.0695682460482346,0.0360046185688232,0.0689579982758816,0.0792373328773372,0.0191068745945352,0.128128453163354,0.241645766930887,0.396186664386686,0.199498249442941,0.0646261934815162,0.0882288032747656,0.00505770209855344,0.140806176018597,0.0889853156994849,0.161743897359652,0.0471098730173744,0.216181972846396,0.112016809174646,0.139759289951544,0.123532555912226,0.191580150270656,0.204772990693557,0.163818392554846,0.126324746371518,0.129785698326902,0.0409545981387115,0.0790250696479362,0.0201888864064071,0.237075208943808,0.219770449166888,
0.0759205573039251,0.0183070847399536,0.122765156491453,0.23153077759353,0.379602786519625,0.191147502431868,0.0619210219145488,0.0845356560050797,0.00484599301939947,0.0114132995589946,0.0413732109013554,0.0948730525841426,0.136246263485498,0.525011779713751,0.102719696030951,0.0905930652495196,0.083459753025148,0.0848864154700223,0.196201449616091,0.156961159692873,0.121036950608237,0.124353031446818,0.0392402899232182,0.0757171791476183,0.0193438048917273,0.227151537442855,0.210571133249946,0.117381464538597,0.209667581486183,0.0922861169475862,0.235572456418839,0.192667507311627,0.144905394154543,0.129524374663279,0.00242858202493648,0.0461430584737931,
0.0121391228137099,0.0440043201996983,0.100906458388963,0.144910778588662,0.558399649430655,0.109252105323389,0.0963542873338222,0.0887673355752535,0.0902847259269673,0.181334884997605,0.0884560414622465,0.176912082924493,0.13636973058763,0.238094178269214,0.116467121258625,0.0597078279870164,0.0914045761776548,0.156272339916636,0.124846281894372,0.223001289728569,0.0981550078341962,0.250553572629396,0.204920104074901,0.154120582476501,0.137761414504135,0.00258302652195253,0.0490775039170981,0.199169671536739,0.236670237307254,0.147502225364028,0.102501546439409,0.127501923619753,0.0975014710033408,0.109168313687501,0.0641676347628824,0.160835759860212,
0.217970654653053,0.0566328589128778,0.107997544903627,0.0283164294564389,0.339797153477267,0.162654838970707,0.13236284466847,0.0862663315998488,0.140265104051662,0.364919261665624,0.0652231259538107,0.0718279994681206,0.0800840913610081,0.0809097005502968,0.229519354622271,0.0726536086574094,0.129620642718333,0.17750597569708,0.283490154252022,0.182109569287723,0.0544451289623088,0.0876128512037154,0.0644580262427335,0.0719676992030519,0.0807289843234235,0.0738451174431315,0.373606229775843,0.142136805685414,0.175580759964335,0.135169315210639,0.222959695192807,0.17418726186938,0.18254825043911,0.0877903799821676,0.103118859026673,0.0487724333234264,
0.376632778941449,0.067316718408087,0.0741336012848553,0.0826547048808157,0.0835068152404118,0.236886679967699,0.0749857116444514,0.133781326456578,0.183203727313148,0.124965789412792,0.0980500809238832,0.112469210471513,0.292227692165299,0.345097833839942,0.182642307603312,0.0817084007699027,0.0201867813666818,0.0557539675841689,0.1466992448434,0.181216714218318,0.139508105390292,0.230116462499452,0.179778486327696,0.188407853671426,0.090608357109159,0.106428863905996,0.050337976171755,0.228409324566445,0.103639473261427,0.100620847826628,0.126782268261551,0.151937480218208,0.204260321088055,0.180111317609664,0.04326696456545,0.174074066740066,
0.129866907609125,0.101895573662544,0.116880216848212,0.303688768562876,0.35863246024366,0.189805480351798,0.08491297805212,0.0209785004599355,0.0579406203179171,0.187485659513786,0.121314250273627,0.0713180744032835,0.247775165710377,0.149253289730583,0.216159936851189,0.0874933077731003,0.125725677556304,0.158076144295938,0.237367465047171,0.107704180175589,0.104567165219018,0.131754628175963,0.157896419480717,0.212271345394607,0.187175225742042,0.0449638810441778,0.180901195828901,0.194260657812367,0.140122441700724,0.137733990989916,0.121014836014262,0.0947418781953759,0.137733990989916,0.118626385303454,0.20540676112947,0.214960563972702,
0.194522296894311,0.125867368578672,0.0739947560735223,0.257074564915227,0.154855004978609,0.224272765831088,0.0907770718840119,0.130444363799715,0.164008995420694,0.163176873895931,0.103122931458395,0.187441093062612,0.0545944931250328,0.250528062895984,0.129813572541745,0.161963662937597,0.143158893083419,0.222017605375133,0.201551571740786,0.145381461583518,0.142903368488344,0.125556716822129,0.0982976927752194,0.142903368488344,0.123078623726955,0.21311600618493,0.223028378565624,0.235227488844415,0.140246042244778,0.074204255155967,0.215192339952304,0.127631318868263,0.152860765621292,0.175864084719642,0.0519429786091769,0.242647914360012,
0.159881889570826,0.101040599357028,0.183656148243068,0.0534920820125442,0.245469220790897,0.127192283896494,0.158693176637214,0.140268126166227,0.217534466851013,0.23251460703564,0.186011685628512,0.143438588565648,0.147368412909913,0.046502921407128,0.0897309891940357,0.022923975341542,0.269192967582107,0.249543845860786,0.230477606890736,0.137414093698262,0.0727058696816201,0.210847022076698,0.125054095852387,0.149774091544137,0.17231291114544,0.0508941087771341,0.237748193858898,0.147380091436939,0.187574661828831,0.211279152059947,0.0937873309144156,0.0700828406832996,0.151502611477133,0.151502611477133,0.149441351457036,0.224677342190578,
0.229273588535717,0.183418870828574,0.141439199688231,0.145314246255032,0.0458547177071434,0.0884802299419527,0.0226044383063383,0.265440689825858,0.246065456991854,0.137167537013625,0.245009600596751,0.107842063583126,0.275281057041137,0.225143957305122,0.169330959485785,0.151357282221931,0.0028379490416612,0.0539210317915629,0.145325761995201,0.184960060721164,0.208334134328784,0.0924800303605822,0.0691059567529626,0.149390818274787,0.149390818274787,0.147358290134994,0.221545567237439,0.1759230458424,0.0122069052217175,0.148637022405619,0.170178619855709,0.169460566607373,0.18166747182909,0.140020383425583,0.199618803037498,0.170178619855709,
0.139115575360542,0.248489200126761,0.109373624766219,0.27919056848219,0.22834142714351,0.171735779238186,0.153506841777149,0.00287825328332155,0.0546868123831095,0.221933749485995,0.263720438719759,0.164360977652808,0.11421695057229,0.1420747433948,0.108645392007788,0.121645695324959,0.0715016682444418,0.179218467158146,0.178421485683697,0.0123802663535626,0.150747949128674,0.172595477987902,0.171867227025928,0.184247493379491,0.142008937584983,0.202453767428847,0.172595477987902,0.231481241151296,0.212648868989835,0.13182660513023,0.123195101222893,0.183615628574248,0.178907535533883,0.0651286203917206,0.0870997212467588,0.173414760320123,
0.281634839603141,0.180917744645726,0.0540888102549078,0.0870394647780125,0.0640361776581092,0.0714967032105103,0.0802006496883115,0.0733618345986106,0.371161146231953,0.141206584674991,0.174431663422048,0.134284693269354,0.221500524980378,0.17304728514092,0.181353554827685,0.0872158317110238,0.102443992803425,0.0484532398394577,0.21884427972719,0.181998048956796,0.110538692311183,0.0156317342662279,0.15073458042434,0.0167482867138156,0.0558276223793852,0.12170421678706,0.391909909103284,0.216712054313932,0.0570977867653474,0.0804559722602623,0.0804559722602623,0.22709347008945,0.0506094019056489,0.099921126839358,0.207628315510354,0.243963270724666,
0.152356856928743,0.188205529147271,0.144888383549883,0.238991148123519,0.186711834471499,0.195674002526131,0.0941027645736356,0.110533406007128,0.0522793136520198,0.237218172604154,0.107636439551665,0.104501397622975,0.131671761004949,0.157797110410693,0.21213783717464,0.187057501745126,0.0449356009778795,0.180787417887748,0.233824559455474,0.0616064707547357,0.086809117881673,0.086809117881673,0.245025735956335,0.0546057354416975,0.107811323820787,0.224023530017221,0.263227647770234,0.291084691345275,0.0962642286338704,0.116892277626843,0.163878389221946,0.0550081306479259,0.0664681578662438,0.181068430049423,0.122622291236002,0.270456642352302,
0.239889960444224,0.108848748571608,0.105678396671464,0.133154779806045,0.159574378973911,0.214527145243073,0.189164330041921,0.0454417105687297,0.182823626241634,0.196325058740535,0.141611517780058,0.139197685090625,0.122300856264596,0.0957486966808347,0.139197685090625,0.119887023575163,0.207589611291222,0.217244942048953,0.294363177686473,0.0973484524632432,0.118208835133938,0.165724151217188,0.0556276871218532,0.0672167886055726,0.183107803442767,0.124003385875798,0.273502795015778,0.231283496007071,0.180555889076152,0.130688072093215,0.0257936984394503,0.152182820792757,0.14874366100083,0.0885583646421128,0.306085221481477,0.115211853029545,
0.1955833128169,0.141076487933502,0.138671775070999,0.121838785033479,0.0953869435459471,0.138671775070999,0.119434072170976,0.206805306175247,0.216424157625258,0.228262033068935,0.136093136435422,0.0720069504949321,0.208820156435303,0.123851954851283,0.14833431801956,0.170656472672989,0.0504048653464525,0.235462728118428,0.230409671791926,0.179873721473251,0.1301943126854,0.0256962459247501,0.151607850956025,0.148181684832726,0.0882237776749753,0.304928784973701,0.11477656513055,0.0968579392666104,0.245125092451652,0.263006558162411,0.233204115311147,0.171364046394772,0.0625851299876559,0.00894073285537942,0.130385687474283,0.162423313539393,
0.229962996343786,0.137107275422636,0.0725435319696486,0.210376242711981,0.124774874987796,0.149439675857476,0.171928170768067,0.050780472378754,0.237217349540751,0.147051021075236,0.187155845004846,0.210807407835129,0.0935779225024231,0.0699263596721404,0.151164336350068,0.151164336350068,0.149107678712652,0.224175682478332,0.0975797053674167,0.246951715891385,0.264966430728447,0.234941906000011,0.172641017188507,0.0630515019297154,0.00900735741853078,0.131357295686907,0.163633659769976,0.13945900150941,0.183621018654057,0.219647927377321,0.110405042861616,0.224296560760968,0.0534592839119406,0.141783318201234,0.0836754009056461,0.227783035798703,
0.144525372944968,0.183941383748141,0.207186723452576,0.0919706918740703,0.068725352169635,0.148568040719652,0.148568040719652,0.14654670683231,0.2203253937203,0.174954140689984,0.0121396750682846,0.147818396419701,0.169241352422556,0.168527253889127,0.180666928957412,0.139249214018559,0.198519392293125,0.169241352422556,0.137063748733633,0.18046726916595,0.215875404255471,0.108508801080793,0.220444195879926,0.0525411036812258,0.13934814454586,0.0822382492401796,0.223870789598267,0.278972438396598,0.125537597278469,0.167383463037959,0.0528579356961975,0.106450009388175,0.0807551795358572,0.0690089716033689,0.0880965594936624,0.391295551751017,
0.164697673690207,0.0114280018478919,0.139152728383155,0.15931979046767,0.158647555064853,0.170075556912745,0.131085903549349,0.186881441983174,0.15931979046767,0.213676182408473,0.19629235739897,0.12168677506652,0.113719188603831,0.169492293842653,0.165146337590277,0.0601190614911975,0.0804001906689509,0.160076055295839,0.262618029195548,0.118178113137997,0.157570817517329,0.0497592055317881,0.100209511140407,0.0760210084513429,0.0649634072220567,0.0829320092196468,0.368356340950598,0.378948438258924,0.143065248329796,0.0760688393558429,0.0202384985442151,0.0390812385681395,0.0893285452986045,0.0746730808355522,0.108869164582674,0.350335388592965,
0.218778934254957,0.181943705528357,0.1105056861798,0.0156270667324969,0.150689572063363,0.0167432857848181,0.0558109526160604,0.121667876703012,0.391792887364744,0.216647345510278,0.0570807377392348,0.0804319486325581,0.0804319486325581,0.227025661462866,0.0505942902688672,0.0998912910436609,0.207566319051763,0.243890424885821,0.113278942348685,0.216562683901897,0.0333173359849072,0.0508089373769835,0.304020690862279,0.112446008949062,0.144097478134724,0.113278942348685,0.175748947320386,0.150341830796382,0.192804790639635,0.0459059025332464,0.0757447391798566,0.292650128649446,0.106731223389798,0.0424629598432529,0.27658306276281,0.0803353294331812,
0.229626915352695,0.0605005046438238,0.0852507110890244,0.0852507110890244,0.240627007106117,0.0536254472979347,0.105875883126692,0.22000183506845,0.258502156205429,0.285859107082953,0.0945360826573546,0.114793814655359,0.160936426428592,0.0540206186613455,0.0652749142157924,0.177817869760262,0.120420962432583,0.265601375084949,0.159348967664191,0.204355927996825,0.0486561733325773,0.0802826859987525,0.31018310499518,0.113125602998242,0.045006960332634,0.293153444328778,0.0851483033320102,0.135536451171241,0.135536451171241,0.178478693126485,0.181162583248688,0.157007572148863,0.179820638187587,0.110039495010314,0.171768967820978,0.0899103190937933,
0.294780810688398,0.0974865673142734,0.118376546024475,0.165959275308823,0.0557066098938705,0.0673121536217602,0.183367590900657,0.12417931788842,0.273890831978197,0.231611633586956,0.180812055960077,0.130873488123484,0.0258302937085824,0.152398732880636,0.148954693719492,0.0886840083994663,0.306519485341845,0.115375311898335,0.13976656319189,0.13976656319189,0.184049038658627,0.186816693375298,0.161907800925259,0.185432866016963,0.113473843383515,0.17712990186695,0.0927164330084814,0.0653612830809984,0.24086843209479,0.101673107014886,0.18034872553831,0.118618624850701,0.104093895277146,0.144036901604422,0.175507149013792,0.250551585143827,
0.228961004265215,0.178742791433811,0.129375734752092,0.0255346844905445,0.150654638494212,0.147250013895473,0.0876690834175359,0.303011589287794,0.114054924057765,0.0962489589654434,0.243583903843314,0.26135294242155,0.231737878124491,0.170286619708092,0.062191635023825,0.00888451928911785,0.129565906299635,0.161402100418974,0.0646132699921998,0.238111865341625,0.100509531098977,0.178284763496996,0.117261119615474,0.102902615172763,0.142388502390218,0.173498595349425,0.247684201636766,0.200385755293328,0.183180917717638,0.130554355721411,0.203421903100803,0.248964120212923,0.116385665953196,0.0607229561494934,0.100192877646664,0.121445912298987,
0.0960836506489487,0.243165546642339,0.260904066762145,0.231339866562469,0.16999415114814,0.0620848204193207,0.00886926005990296,0.129343375873585,0.161124891088237,0.137320869441319,0.18080581143107,0.216280369370077,0.108712354974377,0.220857731684788,0.0526396666191722,0.139609550598674,0.0823925216647912,0.22429075342082,0.200041591239887,0.182866303103129,0.130330127625987,0.203072524440491,0.248536522449556,0.116185772689833,0.0606186640120869,0.100020795619943,0.121237328024174,0.131849709546317,0.25675996069546,0.127686034508012,0.283129902604723,0.152668084737841,0.170710676570495,0.0749461506894855,0.0138789167943492,0.151280193058406,
0.133126313413212,0.175282979327395,0.209673943625808,0.105391664785459,0.214111487406249,0.0510317534750644,0.135345085303432,0.0798757880479269,0.217439645241579,0.270958386960565,0.121931274132254,0.162575032176339,0.0513394838451597,0.103392016077058,0.0784353225412162,0.067026548353403,0.0855658064085995,0.38005479013153,0.127822273685827,0.248917059282926,0.12378578083259,0.274481514020091,0.14800473795201,0.165496206982702,0.0726568713582594,0.0134549761774554,0.146659240334264,0.0877739887624422,0.100846710493019,0.196090825958647,0.184885635903868,0.188620699255461,0.0457545260570177,0.199825889310241,0.0541584185981026,0.263321966287327,
0.25377965333254,0.114200843999643,0.152267791999524,0.0480845658945866,0.0968369729821535,0.0734625312278406,0.0627770721401547,0.0801409431576443,0.355959355858537,0.366194977499616,0.138250405870021,0.0735087523894256,0.0195573744889298,0.0377659645303471,0.0863222046407934,0.0721599679419132,0.105205186905967,0.338544896325612,0.082209126979298,0.0944530395081296,0.183658687932474,0.173163905764904,0.176662166487428,0.0428536938509107,0.187156948654998,0.0507247804765881,0.246627380937894,0.225413257437866,0.237181821079201,0.115875088160831,0.0162949342726168,0.0841904937418537,0.109538169277035,0.0362109650502597,0.138506941317243,0.274298060255717,
0.11703605143372,0.223745392446818,0.0344223680687413,0.0524941113048304,0.314104108627264,0.116175492232002,0.148876741897306,0.11703605143372,0.18157799156261,0.15532820025424,0.199199523990171,0.0474284580928978,0.0782569558532814,0.302356420342223,0.110271165065987,0.0438713237359305,0.285756460009709,0.0829998016625711,0.210851224749,0.0904642218395051,0.108557066207406,0.074459013360208,0.206675952971792,0.112036459355079,0.0779384065078813,0.152397419868089,0.27208854414805,0.345443825843088,0.114460491548008,0.166019271524588,0.136115179138172,0.0773381699648704,0.049496428777517,0.117554018346603,0.0752758187658072,0.223765105098358,
0.159416951316476,0.204443113138687,0.0486769316996875,0.0803169373044843,0.310315439585508,0.113173866201773,0.0450261618222109,0.293278513490617,0.0851846304744531,0.135594275599623,0.135594275599623,0.17855483816584,0.181239873326229,0.157074556882732,0.179897355746034,0.110086441575932,0.171842250264869,0.0899486778730172,0.354537047856521,0.11747346958828,0.170389446880298,0.139698180050928,0.0793739659380271,0.0507993382003374,0.120648428225801,0.0772573268463464,0.229655341447358,0.143188210919653,0.0818218348112304,0.11981054383073,0.0949717725487496,0.246926608626749,0.0715941054598266,0.281993109260133,0.144649315112711,0.154877044464115,
0.142362656937268,0.142362656937268,0.187467657155016,0.190286719668626,0.164915157046142,0.188877188411821,0.11558156305798,0.180420000870993,0.0944385942059105,0.0665753361014158,0.245342442299662,0.103561633935536,0.183698612576129,0.120821906258125,0.106027387124477,0.146712314742009,0.178767106198246,0.255205455055427,0.150335654351713,0.0859060882009786,0.125791057722862,0.0997124238047074,0.259252301892239,0.0751678271758563,0.296069196835516,0.151869691641016,0.162607952666138,0.165168054474804,0.113205071044528,0.198572829537124,0.256103275477786,0.10021432518696,0.0426838792462976,0.181870442005964,0.183726262842759,0.165168054474804,
0.0659450784466822,0.243019826127588,0.102581233139283,0.181959568306586,0.119678105329164,0.105023643452123,0.145323413613985,0.177074747680906,0.252789467378948,0.204516105654635,0.186956642037823,0.133245341562868,0.20761483452819,0.254095767631516,0.118784606819611,0.0619745774711015,0.102258052827318,0.123949154942203,0.163604435922558,0.112133377430068,0.196692973524873,0.253678788284415,0.0992656128069451,0.0422797980474025,0.180148704723715,0.181986956812733,0.163604435922558,0.216349698728137,0.248544594372205,0.0849945245003397,0.0470045476403394,0.164193967784747,0.137794153356611,0.10881874727695,0.126847888837628,0.258846960978307,
0.200615430760613,0.183390873574096,0.130703992768278,0.20365505849941,0.249249474581368,0.116519063320558,0.0607925547759434,0.100307715380307,0.121585109551887,0.132227933762916,0.257496502590942,0.128052314801982,0.283942089343525,0.153106028567587,0.171200377398302,0.0751611412968156,0.0139187298697807,0.151714155580609,0.21222332523077,0.243804177199635,0.0833734491978026,0.0461080438745423,0.16106234504121,0.135166046426741,0.106743279654762,0.124428556757327,0.253910049829672,0.274595223357098,0.103434972026889,0.0664939105887143,0.158846564184151,0.178548463617844,0.0640311731595027,0.253661955208799,0.13545055860664,0.131756452462823,
0.129584972694378,0.252349683667999,0.125492815661924,0.278266678206875,0.150045757856648,0.167778438330616,0.0736588265841728,0.0136405234415135,0.148681705512497,0.0889844125681432,0.102237410184675,0.19879496424798,0.187435252005238,0.191221822752818,0.0463854916578619,0.20258153499556,0.0549052758399181,0.26695323770443,0.269106636609304,0.101367522310231,0.0651648357708628,0.155671552119283,0.174979651606946,0.0627513233349049,0.248591780903662,0.132743183977683,0.129122915323747,0.202864051966705,0.0544451315940053,0.0991945548219549,0.0283413013777014,0.255817536119778,0.211813936612295,0.133502445963383,0.259546654722108,0.0939737887786941,
0.0886225409766169,0.101821642824198,0.197986527713719,0.186673011844363,0.190444183800815,0.0461968564665343,0.20175769967017,0.0546819933685509,0.265867622929851,0.242998513400958,0.255685182775305,0.124914898455111,0.01756615759525,0.0907584809087916,0.118083614945847,0.0390359057672222,0.149312339559625,0.295696986186708,0.202039067733736,0.0542237203844219,0.0987911617962755,0.0282260462275073,0.254777206737763,0.210952556016107,0.132959533545363,0.258491160188751,0.0935916269648926,0.120167956501152,0.192456492833876,0.0675944755318979,0.175557873950901,0.193395304994041,0.0797990336140462,0.224376106279494,0.0966976524970206,0.184007183392389,
0.192519451322294,0.082599104527717,0.0991189254332604,0.0679854168035825,0.188707184959477,0.102295814068942,0.0711623054392639,0.139147722242846,0.248432691310287,0.315410336805742,0.104509096672947,0.151585266345446,0.124281087935397,0.0706142545087482,0.0451931228855989,0.107333666853297,0.0687312077218483,0.204310576378645,0.19787827661183,0.101810722795005,0.0443790330132072,0.0913685973801324,0.0496000957206433,0.0762275155285676,0.075705409257824,0.109120210585415,0.445878755215046,0.283320214354964,0.143683822994303,0.107256938291522,0.0148405826566886,0.0505928954205293,0.0236100178629137,0.0532911831762909,0.0849960643064892,0.430376897043969,
0.320963915013008,0.106349237511773,0.154254299454013,0.126469363527513,0.0718575929133599,0.0459888594645503,0.109223541228307,0.0699413904356703,0.207907968829321,0.129628903490727,0.0740736591375582,0.108465000879996,0.0859783543560943,0.223543721325845,0.0648144517453634,0.255289575241942,0.130951647403898,0.140210854796092,0.288308766677168,0.146213731671993,0.109145461670642,0.0151018877783279,0.0514837083352086,0.0240257305564307,0.0542295061130864,0.0864926300031505,0.437954745571508,0.246736405284279,0.213180254165617,0.0276344773918392,0.0720470303430094,0,0.0523081179202671,0.121394311399865,0.155937408139664,0.323718163732974,
0.140174983187187,0.0800999903926783,0.117289271646422,0.0929732031343588,0.241730328149333,0.0700874915935936,0.276058895460481,0.141605340158485,0.15161783895757,0.154004912267189,0.105553928632568,0.18515197317516,0.238794133627777,0.0934411827239127,0.0397990222712961,0.169578442721175,0.17130883499384,0.154004912267189,0.266809874426385,0.230523731504397,0.0298827059357551,0.0779084833325044,0,0.0565636933783936,0.131270458217781,0.168623840637475,0.350054555247417,0.256331412112341,0.235345214629459,0.24284028515906,0.0164891551651214,0.0884418322492873,0.0824457758256068,0.157396481121613,0.0914398604611275,0.140907325956492,
0.153562078009864,0.105250413017997,0.184619576933207,0.238107491745631,0.0931724967700297,0.0396845819576052,0.169090827471535,0.170816244078388,0.153562078009864,0.203069734180233,0.23328844462372,0.0797773955708059,0.0441193172474911,0.154115423261784,0.129336080698125,0.102139241298986,0.119061719147339,0.242958431965636,0.255594342567994,0.234668489960088,0.242142008748626,0.0164417413347832,0.0881875217047464,0.0822087066739162,0.156943894559294,0.0911769292201615,0.140502153224511,0.212759014007638,0.179841581651739,0.029705975540689,0.134881186238804,0.0465661238205396,0.114809581143744,0.0562004942661685,0.10678093910572,0.426320892219078,
0.204493169395192,0.23492370055519,0.0803366022623967,0.0444285754935982,0.155195708915994,0.130242673364795,0.102855195320796,0.119896292770395,0.24466147052639,0.26459319428726,0.0996673915700889,0.0640718945807714,0.153060637054065,0.172044902115034,0.0616988614481503,0.24442241265998,0.130516822294164,0.126957272595232,0.214250367084259,0.181102197082543,0.0299142021966701,0.135826647811908,0.0468925331731586,0.115614349030374,0.0565944365882948,0.10752942951776,0.429309226119779,0.0944076453151734,0.192554207276492,0.0766477912459824,0.109363311899755,0.161708144945792,0.128992624292019,0.264528352714793,0.100016020284392,0.188815290630347,
0.2712306068956,0.102167582866504,0.0656791604141811,0.156900216544988,0.17636070851956,0.0632465989173596,0.250553834172617,0.133790882325184,0.130142040079951,0.204465191291858,0.0548748491334766,0.0999774648596217,0.0285649899598919,0.25783661990113,0.213485714437087,0.134556136916333,0.261595171211642,0.0947154930249048,0.0967758940413984,0.197384496757704,0.0785705278355908,0.112106728741026,0.165764650189722,0.132228449284287,0.271164138749661,0.102524957053759,0.193551788082797,0.248463886971122,0.13183798084182,0.169868167623114,0.144514709768918,0.0234519485151314,0.126133452824626,0.155289929356951,0.0595806259573609,0.290930928876901,
0.202923628041567,0.0544611207611559,0.0992236857703251,0.0283496245058072,0.255892663302417,0.211876141043401,0.133541652277355,0.259622877053182,0.0940013865192554,0.120694071602485,0.193299099050855,0.067890415276398,0.176326495231756,0.19424202148525,0.0801484069235254,0.225358461820266,0.0971210107426249,0.184812797141306,0.24659059599793,0.130843989713187,0.168587448284299,0.143425142570225,0.0232751327855189,0.125182470927521,0.154119122498706,0.059131418428075,0.288737458069005,0.193877073254983,0.199824222741332,0.127268999007872,0.092180817038412,0.0404406165071743,0.10645397580565,0.100506826319301,0.137973868083301,0.341366380516442,
0.19887194821903,0.102321978635121,0.0446018881230016,0.0918274167238267,0.0498491690786488,0.0766103019524497,0.076085573856885,0.109668171973027,0.448117793612274,0.284742943810521,0.144405350075336,0.107795543013983,0.0149151065805511,0.0508469542518788,0.0237285786508768,0.053558791811979,0.0854228831431564,0.432538090835982,0.205970271475753,0.109355350319601,0.0725496660696379,0.081043285511937,0.0884752025239487,0.138375216747456,0.214463890918052,0.115371664091229,0.172349694516652,0.100473581601713,0.126751287559084,0.059511275256399,0.0687857597119417,0.231862111388567,0.308376608146795,0.0718772545304559,0.0904262234415413,0.139890140537769,
0.290439851623076,0.147294496180274,0.109952229543022,0.0152135160373992,0.0518642592184064,0.0242033209685896,0.0546303530433881,0.0871319554869227,0.441191965084577,0.248560200810751,0.214756013500489,0.0278387424908042,0.0725795786367394,0,0.0526947625718793,0.12229161879889,0.157090046912395,0.326110983463706,0.102483776215571,0.129287225379643,0.0607019289892228,0.0701619698706601,0.236501022035933,0.314546359307791,0.0733153168311393,0.0922353985940139,0.14268894996168,0.0597125147015636,0.158019703539504,0.152194092349107,0.135445460176717,0.230839843419459,0.120881432200726,0.1645735161287,0.11432761961153,0.0859277650583476,
0.264446696479677,0.228481945758441,0.0296180300057238,0.0772184353720656,0,0.0560626996536915,0.130107774668001,0.167130312175156,0.346954065781336,0.254061043590731,0.233260724232426,0.240689409717535,0.01634310806724,0.0876584887242873,0.0817155403362,0.156002395187291,0.0906299629183309,0.139659287120051,0.0635289849292702,0.168119386946971,0.161921437197774,0.144102331668833,0.245593758811935,0.12860745729584,0.175092080414818,0.121634763827993,0.0914197588006572,0.118494369701127,0.0210783253795273,0.0677924518963176,0.161220704929898,0.248952113266309,0.292248132964798,0.0786164568209398,0.124760898868013,0.186856506067161,
0.247345443652207,0.227094939493547,0.234327262407354,0.0159111104103759,0.0853414103829253,0.0795555520518795,0.151878781189952,0.0882343395484482,0.135967670779576,0.205892556861762,0.174037482026546,0.0287472626561705,0.13052811151991,0.0450632765961592,0.111104285400875,0.0543867131332956,0.103334754953262,0.412562066768285,0.115362205987109,0.0205211616419377,0.0660004928483942,0.156959155261307,0.242371557770994,0.284523133035515,0.0765383866645244,0.121463091880658,0.181917324825826,0.0923495166953025,0.183847885771293,0.174059688149211,0.181294442913359,0.340033473914962,0.0944773857435814,0.0795823024056293,0.0417062333462656,0.078305580976662,
0.208419762629228,0.17617368614697,0.029100117801062,0.132130264610227,0.0456164008773404,0.112468022852753,0.0550542769209281,0.104603126149763,0.417626014928754,0.091838437874109,0.187314041604618,0.0745619000562073,0.10638710129971,0.157307423289315,0.125482222045812,0.257329484340325,0.0972941866587095,0.183676875748218,0.0934830507811011,0.186104506624127,0.176196164836269,0.183519721809903,0.344207177760828,0.0956370381262877,0.0805591267099811,0.0422181519656585,0.0792667343028691,0.150851676941988,0.0911395548191179,0.070711723566557,0.150851676941988,0.0974250413583674,0.345701759658723,0.201135569255984,0.0764734195608691,0.09690125081343,
0.0944805875686282,0.192702980585519,0.0767070116893813,0.109447809361678,0.161833085637353,0.129092287965056,0.264732735464572,0.100093295741022,0.188961175137256,0.242570882585438,0.128711080555538,0.165839276869636,0.141087145993571,0.0228957210603602,0.123141851108424,0.151606801615899,0.058167507558753,0.284030701802847,0.155191610431453,0.0937615979690029,0.0727460673897436,0.155191610431453,0.100227915070313,0.35564744057208,0.206922147241937,0.0786735247326116,0.0996890553118709,0.115562448608344,0.358403354439702,0.134201553222593,0.123550636300165,0.271598381521914,0.0782842393798459,0.0601776806117183,0.0862724270716669,0.0900002479945167,
0.240902851400072,0.127826002783712,0.16469888820209,0.140116964589838,0.0227382793413333,0.122295069970955,0.150564282125045,0.0577675204887928,0.282077573450594,0.189405194383885,0.195215169671734,0.124333471159974,0.0900546169616631,0.0395078319573748,0.103998557652501,0.098188582364652,0.134791426678102,0.333492581522546,0.114767786998173,0.355938804837651,0.133278720384975,0.122701044163945,0.269730743636259,0.0777459202245687,0.0597638706488181,0.085679177390341,0.0893813640677014,0.283996942097,0.198581067909047,0.102325615778461,0.143082428842763,0.0281829026508473,0.162160086021798,0.0745762962453191,0.207252730263154,0.108829362544041,
0.189427983205739,0.100572589021604,0.066722915046695,0.074534378271674,0.0813694085935305,0.127261755040282,0.197239446430718,0.106105708805964,0.158507607940197,0.0924041503266661,0.116571389642871,0.0547316890396407,0.0632613029159483,0.213240346907691,0.283609661387229,0.0661045075413842,0.0831637352939995,0.128655009300974,0.0070974446484803,0.0371250950843585,0.0414927533295771,0.192722920070273,0.497367082674273,0.123932302708079,0.109191456130466,0.0928127377108962,0,0.0525511892083476,0.012221206792639,0.0391078617364447,0.103269197397799,0.507180081894517,0.245646256532043,0.0537733098876115,0.04705164615166,0.0409410427553406,
0.0854565318048036,0.107806701661445,0.0506165611459221,0.0585048563894425,0.197207381088008,0.262285816847051,0.0611342881372826,0.0769108786243232,0.118981786589765,0.0497915338424431,0.13176540053427,0.126907689915495,0.112941771886517,0.192486783268957,0.10079749533958,0.137230324980392,0.0953325708934581,0.0716512316269303,0.0486000072084147,0.0113023272577709,0.0361674472248667,0.0955046653281637,0.469046581197491,0.227176777881194,0.0497302399341918,0.0435139599424178,0.0378627963135324,0.00932398903974823,0.0398859531144786,0.0404039525055757,0.125873852036601,0.625743264445326,0.105153876392716,0.0238279719904677,0.0440299482432555,0.00466199451987412,
0.0494804228919586,0.130942094726281,0.126114736395358,0.112236081193955,0.191284073862816,0.100167685366648,0.136372872848569,0.0947369072443598,0.0712035353811112,0.0922909681251094,0.0164171433684089,0.0528010827254232,0.125568961439452,0.193899774378235,0.227621474270102,0.0612315076983899,0.0971717404778796,0.145535757428057,0.00926573023812863,0.0396367349075502,0.0401514976985574,0.125087358214736,0.621833451536632,0.104496846574451,0.0236790883863287,0.0437548372356074,0.00463286511906431,0.012339894982447,0.100053202560381,0.061699474912235,0.149412782490169,0.497931438075496,0.0983856491843747,0.0927159677059531,0,0,
0.0908393680940288,0.0161589260551878,0.0519706000153338,0.123593947935626,0.190850018543705,0.224041326116523,0.0602684269085383,0.095643373137463,0.143246695840584,0.0727185447661051,0.144766872529758,0.137059377001553,0.1427562215224,0.267751692479806,0.0743940872722366,0.0626652897293164,0.0328406331201765,0.0616599642256375,0.0121458067384514,0.0984795140955523,0.0607290336922572,0.147062741049358,0.490099715148865,0.0968381888606264,0.0912576830618784,0,0,0,0,0.0282635888085514,0.0562060004715511,0.604455387928338,0.151595612700412,0.127828503929585,0.00963531436655162,0.0186282744419998,
0.0769117429583905,0.153114621926381,0.144962686036782,0.150988029955181,0.283191164164765,0.0786839029343903,0.0662787831023918,0.0347343355295957,0.065215487116792,0.124110898230869,0.0749836676811499,0.0581769835457197,0.124110898230869,0.0801549551074361,0.284420808445741,0.165481197641158,0.0629173303531487,0.0797240144885789,0,0,0.0298933633025366,0.059447029294817,0.639310337901975,0.160337130440878,0.135199529481927,0.0101909193076829,0.0197024439948536,0.0798004638413027,0.0393047060710894,0.045855490416271,0.101239394425533,0.334685527453822,0.221535616037049,0.00357315509737176,0.0946886100803517,0.133397790301879,
0.134029510486215,0.0809761625854214,0.0628263330404132,0.134029510486215,0.086560725522347,0.307150961530909,0.17870601398162,0.067945515732595,0.0860953452776032,0.0998042250770118,0.309531075930087,0.115901680734594,0.106703134644547,0.234562925296203,0.0676093137618467,0.0519717854087665,0.0745082233293821,0.0777277144608986,0.0861779042588741,0.042445833440938,0.0495201390144277,0.10933017704484,0.361432702936472,0.239240152121651,0.00385871213099437,0.102255871471351,0.14405858622379,0.00359658792620328,0.0125880577417115,0.0593437007823541,0.170837926494656,0.488236810982095,0.275138976354551,0.115989960620056,0.0125880577417115,0,
0.0912873446972258,0.283116972263746,0.106011109970972,0.0975975298145455,0.214546293988872,0.0618398141497336,0.0475367278838088,0.0681499992670534,0.0710947523218026,0.225893758381693,0.157953192883688,0.0813907282108086,0.113809069108334,0.0224169378546719,0.128983611656112,0.0593186663231317,0.164850712223587,0.0865638677157329,0.00328966996637523,0.0115138448823133,0.0542795544451913,0.156259323402823,0.446572697935437,0.251659752427705,0.106091856415601,0.0115138448823133,0,0.0945828707208304,0.0123034628579942,0.078434575719713,0.133800158580687,0.579031720754352,0.0507517842892261,0.069975945004842,0.0223000264301145,0,
0.00651432329666177,0.0340749218594616,0.0380837361958688,0.17688893259397,0.456503732558375,0.113750106795556,0.100220358410181,0.0851873046486539,0,0.0482336183066281,0.0112171205364251,0.0358947857165605,0.0947846685327925,0.465510502261644,0.225464122782145,0.0493553303602707,0.0431859140652368,0.0375773537970242,0.0881149035001381,0.0209797389286043,0.121682485785905,0.19720954592888,0.134270329143068,0.302108240571902,0.0965067990715798,0.0251756867143252,0.0251756867143252,0.081675737475128,0.0233359249928937,0.0311145666571916,0.229469929096788,0.416157329039938,0.151683512453809,0.0272252458250427,0.0427825291536385,0.0077786416642979,
0.0429277212867718,0.00998319099692367,0.0319462111901557,0.084357963924005,0.414302426372332,0.200662139038166,0.0439260403864641,0.0384352853381561,0.0334436898396943,0.00823575192206814,0.0352307165555137,0.0356882583289619,0.11118265094792,0.552710462325462,0.0928809800099907,0.0210469215786186,0.0388910507430996,0.00411787596103407,0.0726910693685617,0.0207688769624462,0.0276918359499283,0.204227290130721,0.37037830583029,0.1349977002559,0.0242303564561872,0.0380762744311514,0.00692295898748206,0.0343505598615522,0,0,0.130532127473898,0.405336606366317,0.209538415155469,0.0996166235985015,0.0206103359169313,0,
0.008386818573469,0.0358769461198396,0.0363428804850323,0.113222050741832,0.562848713152808,0.0945846761341226,0.0214329807988652,0.0396044210413814,0.0041934092867345,0.0111693798301585,0.0905625391634471,0.0558468991507924,0.135240058484081,0.450699569903422,0.089053163510723,0.083921286291461,0,0,0.0349806448982475,0,0,0.132926450613341,0.412771609799321,0.21338193387931,0.101443870204918,0.0209883869389485,0,0.0203665088074241,0.0203665088074241,0.159537652324822,0.125593470979115,0.278342287034796,0.152748816055681,0.142565561651969,0.0101832544037121,0.00678883626914137,
0.0117656210663321,0.0953969275648546,0.0588281053316603,0.142459411830183,0.474758709514426,0.093806978772107,0.0884011528767652,0,0,0,0,0.0273788874676625,0.0544466512141017,0.58553484334251,0.146850396417463,0.123827241046928,0.00933371163670314,0.0180451758309594,0.021453709043474,0.021453709043474,0.168054054173879,0.132297872434756,0.293200690260811,0.160902817826055,0.150175963304318,0.010726854521737,0.00715123634782465,0.0562057788296492,0.0231435559886791,0.0991866685229104,0.105799113091104,0.238048004454985,0.244660449023179,0.125636446795687,0.0264497782727761,0.0462871119773582,
0,0,0.0277366563974017,0.0551581235175603,0.593186219771705,0.148769338858791,0.125445332342794,0.00945567831729605,0.0182809780801057,0.0740431253425298,0.0364690020343804,0.0425471690401104,0.0939353082703736,0.310539077929118,0.205552556921053,0.0033153638213073,0.0878571412646436,0.123773582662139,0.056940238232384,0.0234459804486287,0.100482773351266,0.107181624908017,0.241158656043038,0.247857507599789,0.12727817957827,0.0267954062270042,0.0468919608972574,0,0.00619007802079528,0.114516443384713,0.253793198852607,0.408545149372489,0.043330546145567,0.126896599426303,0.0123801560415906,0.0123801560415906,
0.0748166651021545,0.0368499992294194,0.042991665767656,0.0949166646818379,0.313783326771723,0.207699995656728,0.00334999992994722,0.0887749981436013,0.125066664051363,0.00312243279410562,0.0109285147793697,0.0515201411027428,0.148315557720017,0.423870251799838,0.23886610874908,0.100698457609906,0.0109285147793697,0,0,0.00625474670464829,0.115712814035993,0.25644461489058,0.412813282506787,0.043783226932538,0.12822230744529,0.0125094934092966,0.0125094934092966,0.00681551709885813,0.0102232756482872,0.0579318953402941,0.166980168922024,0.453231887074066,0.177203444570311,0.0920094808345848,0.0170387927471453,0.00681551709885813,
0.00282977620595871,0.00990421672085547,0.0466913073983186,0.134414369783039,0.384142119958894,0.216477879755841,0.0912602826421682,0.00990421672085547,0,0.0813602457975402,0.0105834466078101,0.0674694721247894,0.115094981859935,0.498083455980063,0.0436567172572167,0.06019335258192,0.0191824969766558,0,0.00617671840817883,0.00926507761226824,0.05250210646952,0.151329601000381,0.410751774143892,0.16059467861265,0.0833856985104142,0.0154417960204471,0.00617671840817883,0.0333255504813369,0.0499883257220054,0.070816794772841,0.0416569381016712,0.495717563409887,0.0999766514440108,0.0458226319118383,0.0499883257220054,0.00833138762033423,
0.0884992497383604,0.0210712499377049,0.122213249638688,0.198069749414426,0.134855999601311,0.30342599910295,0.0969277497134423,0.0252854999252458,0.0252854999252458,0.0820319968728648,0.0234377133922471,0.0312502845229961,0.230470848357096,0.417972555495073,0.152345137049606,0.0273439989576216,0.0429691412191197,0.00781257113074903,0.0225140596625034,0.0625390546180649,0.0625390546180649,0.165103104191691,0.417760884848673,0.247654656287537,0.0100062487388904,0.0200124974777808,0.00750468655416779,0.0164253517034616,0.013687793086218,0.0246380275551924,0.227217365231218,0.427059144290001,0.208054454910513,0.0574887309621155,0.0301131447896796,0.0109502344689744,
0.0719857598576906,0.0205673599593402,0.0274231466124536,0.202245706266845,0.366784585941566,0.133687839735711,0.0239952532858969,0.0377068265921236,0.00685578665311339,0.0340172620192649,0,0,0.129265595673207,0.401403691827326,0.207505298317516,0.0986500598558682,0.0204103572115589,0,0.0144137832599149,0.0120114860499291,0.0216206748898724,0.199390668428823,0.374758364757789,0.182574587958923,0.0504482414097023,0.0264252693098441,0.0096091888399433,0.00216323365268141,0.0454279067063096,0.036774972095584,0.0800396451492121,0.573256917960573,0.0908558134126192,0.036774972095584,0.010816168263407,0.0151426355687699,
0.032621619127146,0,0,0.123962152683155,0.384935105700323,0.19899187667559,0.0946026954687233,0.0195729714762876,0,0.0189930315806939,0.0189930315806939,0.148778747382102,0.117123694747612,0.259571431602816,0.142447736855204,0.132951221064857,0.00949651579034694,0.00633101052689796,0.00207448160468744,0.0435641136984362,0.0352661872796864,0.0767558193734352,0.549737625242171,0.0871282273968724,0.0352661872796864,0.0103724080234372,0.0145213712328121,0.0175448825452158,0.0125320589608684,0.0250641179217368,0.132839824985205,0.546397770693862,0.062660294804342,0.0526346476356473,0.00501282358434736,0,
0.020243483846545,0.020243483846545,0.158573956797936,0.124834817053694,0.276660945902782,0.151826128849088,0.141704386925815,0.0101217419232725,0.00674782794884835,0.053035154597969,0.0218380048344578,0.0935914492905336,0.0998308792432358,0.224619478297281,0.230858908249983,0.118549169101343,0.024957719810809,0.0436760096689157,0.0186999924095651,0.0133571374354036,0.0267142748708072,0.141585656815278,0.582371192183598,0.0667856871770181,0.0560999772286952,0.00534285497416145,0,0.0225324996878505,0.0354082137951936,0.0321892852683578,0.109443569912417,0.547217849562084,0.106224641385581,0.0515028564293726,0.00643785705367157,0,
0.054065232064147,0.0222621543793546,0.095409233054377,0.101769848591336,0.228982159330505,0.235342774867463,0.120851695202211,0.0254424621478339,0.0445243087587093,0,0.00587753081263251,0.108734320033701,0.240978763317933,0.387917033633746,0.0411427156884276,0.120489381658966,0.011755061625265,0.011755061625265,0.022970138087532,0.0360959312804074,0.0328144829821886,0.111569242139441,0.557846210697206,0.108287793841222,0.0525031727715017,0.00656289659643771,0,0,0.0127913205013214,0.0204661128021143,0.168845430617443,0.452812745746779,0.186753279319293,0.0690731307071358,0.01790784870185,0,
0,0.00576257279606098,0.106607596727128,0.2362654846385,0.380329804540025,0.0403380095724269,0.11813274231925,0.011525145592122,0.011525145592122,0.00627921725363886,0.00941882588045829,0.0533733466559303,0.153840822714152,0.417567947366984,0.16325964859461,0.0847694329241246,0.0156980431340971,0.00627921725363886,0,0.0125411363881217,0.0200658182209947,0.165543000323206,0.443956228139508,0.183100591266577,0.0677221364958571,0.0175575909433704,0,0,0.0255493661213112,0.0209040268265273,0.18116823249657,0.452920581241425,0.18116823249657,0.0418080536530546,0.00696800894217577,0,
0.0057136108926302,0.00857041633894529,0.0485656925873567,0.13998346686944,0.379955124359908,0.148553883208385,0.0771337470505077,0.0142840272315755,0.0057136108926302,0.0308269238858187,0.0462403858287281,0.0655072132573648,0.0385336548572734,0.458550492801554,0.0924807716574562,0.0423870203430008,0.0462403858287281,0.00770673097145468,0,0.0232479830962887,0.0190210770787816,0.164849334682774,0.412123336706936,0.164849334682774,0.0380421541575633,0.00634035902626055,0,0.0146078464887145,0.00834734085069399,0.0146078464887145,0.0980812549956544,0.571792848272538,0.0980812549956544,0.0187815169140615,0.00417367042534699,0,
0.0227317335712603,0.063143704364612,0.063143704364612,0.166699379522576,0.421799945155608,0.250049069283864,0.0101029926983379,0.0202059853966759,0.00757724452375344,0.0165841578255736,0.0138201315213113,0.0248762367383604,0.229414183253768,0.431188103464913,0.210065999123932,0.0580445523895075,0.0304042893468849,0.0110561052170491,0.0411828818827831,0.0453011700710614,0.102957204706958,0.304753325932595,0.304753325932595,0.0947206283304012,0.0453011700710614,0.0494194582593397,0.0370645936945048,0.081082390237126,0.0667737331364567,0.00953910473377953,0.0620041807695669,0.329099113315394,0.267094932545827,0.152625675740472,0.0333868665682283,0.0238477618344488,
0.0153491812889629,0.0127909844074691,0.0230237719334444,0.212330341163987,0.399078713513037,0.194422962993531,0.0537221345113703,0.0281401656964321,0.0102327875259753,0.0023036190364908,0.0483759997663068,0.0391615236203436,0.0852339043501595,0.610459044670061,0.0967519995326135,0.0391615236203436,0.011518095182454,0.0161253332554356,0.0750444080538677,0.0618012772208322,0.00882875388869031,0.057386900276487,0.304592009159816,0.247205108883329,0.141260062219045,0.0309006386104161,0.0220718847217258,0.0999043203193904,0.068116582035948,0.068116582035948,0.163479796886275,0.313336277365361,0.149856480479086,0.0499521601596952,0.0272466328143792,0.0090822109381264,
0.00210542971171556,0.0442140239460268,0.0357923050991645,0.0779008993334757,0.557938873604623,0.0884280478920535,0.0357923050991645,0.0105271485585778,0.0147380079820089,0.0178066254797293,0.0127190181998066,0.0254380363996132,0.13482159291795,0.554549193511568,0.063595090999033,0.0534198764391878,0.00508760727992264,0,0.0913091622344011,0.0622562469780008,0.0622562469780008,0.149414992747202,0.286378736098804,0.136963743351602,0.0456545811172006,0.0249024987912003,0.0083008329304001,0.0233540741868757,0,0.070062222560627,0.113434074621968,0.346974816490724,0.230204445556346,0.0233540741868757,0.0400355557489297,0.0200177778744649,
0.0168374546081505,0.0120267532915361,0.0240535065830721,0.127483584890282,0.524366443510973,0.0601337664576804,0.0505123638244515,0.00481070131661443,0,0.0202882403582308,0.0318815205629341,0.0289832005117583,0.0985428817399782,0.492714408699891,0.0956445616888024,0.0463731208188133,0.00579664010235166,0,0.0220829693129974,0,0.0662489079389922,0.10726013666313,0.328089829793104,0.217674983228117,0.0220829693129974,0.0378565188222812,0.0189282594111406,0.0386337661894054,0.014859140842079,0.0326901098525738,0.118873126736632,0.484407991451775,0.0980703295577213,0.00891548450524739,0.0237746253473264,0,
0.0211026944161934,0.0331613769397324,0.0301467063088477,0.102498801450082,0.51249400725041,0.0994841308191972,0.0482347300941562,0.00602934126176953,0,0,0.0117514020460109,0.0188022432736174,0.155118507007343,0.415999632428785,0.171570469871759,0.0634575710484587,0.0164519628644152,0,0.0401846856921198,0.015455648343123,0.0340024263548706,0.123645186744984,0.503854135985809,0.102007279064612,0.00927338900587379,0.0247290373489968,0,0.0148116629954929,0.00888699779729572,0.0710959823783657,0.142191964756731,0.379178572684617,0.157003627752224,0.0562843193828729,0.00592466519819714,0.0177739955945914,
0,0.0130052803637215,0.0208084485819544,0.171669700801124,0.460386924875741,0.189877093310334,0.0702285139640961,0.0182073925092101,0,0,0.0264949410675204,0.021677679055244,0.187873218478781,0.469683046196952,0.187873218478781,0.0433553581104879,0.00722589301841465,0,0.0163920721251073,0.00983524327506439,0.0786819462005151,0.15736389240103,0.419637046402747,0.173755964526138,0.0622898740754078,0.00655682885004293,0.0196704865501288,0.0163353521523561,0.0392048451656546,0.045738986026597,0.254831493576755,0.251564423146284,0.199291296258744,0.0849438311922516,0.0294036338742409,0.0228694930132985,
0,0.0258072103396106,0.0211149902778632,0.182996582408148,0.45749145602037,0.182996582408148,0.0422299805557265,0.00703833009262108,0,0.0162159343191874,0.00926624818239283,0.0162159343191874,0.108878416143116,0.634738000493909,0.108878416143116,0.0208490584103839,0.00463312409119641,0,0.015911334465441,0.0381872027170583,0.0445517365032347,0.248216817660879,0.245034550767791,0.19411828047838,0.082738939220293,0.0286404020377937,0.0222758682516174,0.0827221018293243,0.0973201197992051,0.175176215638569,0.170310209648609,0.180042221628529,0.0729900898494038,0.038928047919682,0.0778560958393641,0.0243300299498013,
0.0391671877946182,0.04308390657408,0.0979179694865454,0.289837189680174,0.289837189680174,0.0900845319276218,0.04308390657408,0.0470006253535418,0.0352504690151563,0.0771138167137761,0.0635054961172274,0.00907221373103249,0.0589693892517112,0.312991373720621,0.25402198446891,0.14515541969652,0.0317527480586137,0.0226805343275812,0.0658152928646989,0.0119664168844907,0.0358992506534721,0.197445878594097,0.191462670151851,0.287194005227777,0.101714543518171,0.0299160422112268,0.0538488759802082,0.070006500758648,0.0337962417455542,0.0313822244780146,0.0844906043638854,0.63971457589799,0.0603504316884896,0.0410382935481729,0,0.0144841036052375,
0.0723799685816834,0.0596070329496216,0.00851529042137452,0.0553493877389344,0.293777519537421,0.238428131798486,0.136244646741992,0.0298035164748108,0.0212882260534363,0.0963572337155537,0.0656981138969685,0.0656981138969685,0.157675473352724,0.302211323926055,0.144535850573331,0.0481786168577769,0.0262792455587874,0.00875974851959579,0.0657089551698888,0.0317215645647739,0.0294557385244329,0.0793039114119347,0.600443900690363,0.0566456510085248,0.0385190426857969,0,0.0135949562420459,0.00663328782824464,0.0243220553702304,0.00884438377099286,0.132665756564893,0.475385627690866,0.203420826732836,0.00663328782824464,0.0574884945114536,0,
0.0966609571528662,0.0659051980587724,0.0659051980587724,0.158172475341054,0.303163911070353,0.144991435729299,0.0483304785764331,0.026362079223509,0.00878735974116966,0.0247228986564062,0,0.0741686959692185,0.12008265061683,0.367311637180892,0.243697143898861,0.0247228986564062,0.0423821119824106,0.0211910559912053,0.00665419632574079,0.0243987198610496,0.00887226176765439,0.133083926514816,0.476884070011423,0.204062020656051,0.00665419632574079,0.0576697014897535,0,0.0366449403290796,0.0237114319776397,0.0776010501086391,0.0970013126357988,0.556140859111913,0.0646675417571992,0.0237114319776397,0.0301781861533596,0.0086223389009599,
0.0213790101289614,0,0.0641370303868842,0.10384090634067,0.317631007630284,0.210735956985477,0.0213790101289614,0.0366497316496481,0.0183248658248241,0.0374022019854501,0.0143854623020962,0.0316480170646116,0.115083698416769,0.468966071048336,0.0949440511938348,0.00863127738125771,0.0230167396833539,0,0.0316885394936316,0.0205043490841146,0.0671051424571022,0.0838814280713777,0.480920187609232,0.0559209520475852,0.0205043490841146,0.0260964442888731,0.00745612693967802,0.00610828860827469,0,0.00814438481103291,0.132346253179285,0.568070840569545,0.0305414430413734,0.044794116460681,0,0.00407219240551646,
0.0397689775978666,0.0152957606145641,0.033650673352041,0.122366084916513,0.498641796034789,0.100952020056123,0.00917745636873845,0.0244732169833025,0,0.0146584372556239,0.00879506235337435,0.0703604988269948,0.14072099765399,0.375255993743972,0.155379434909614,0.0557020615713709,0.00586337490224957,0.0175901247067487,0.00649481527633798,0,0.00865975370178397,0.14072099765399,0.604017820699432,0.0324740763816899,0.0476286453598119,0,0.00432987685089199,0.0221027745006266,0.0508363813514413,0.0486261039013786,0.121565259753446,0.289546345958209,0.154719421504386,0.0972522078027572,0.0596774911516919,0,
0.0191601959513956,0.0114961175708374,0.091968940566699,0.183937881133398,0.490501016355728,0.203098077084794,0.0728087446153034,0.00766407838055825,0.0229922351416748,0.0190938976955085,0.0458253544692203,0.0534629135474237,0.297864804049932,0.29404602451083,0.232945551885203,0.0992882680166439,0.0343690158519152,0.0267314567737118,0.0288907666701672,0.0664487633413846,0.0635596866743679,0.15889921668592,0.378469043379191,0.202235366691171,0.127119373348736,0.0780050700094515,0,0.151354599332625,0.0441450914720155,0.170273924249203,0.220725457360078,0.0819837413051717,0.145048157693765,0.214419015721218,0.0756772996663124,0,
0.0211394421476934,0.0507346611544642,0.0591904380135415,0.329775297504017,0.325547409074478,0.257901194201859,0.109925099168006,0.0380509958658481,0.0295952190067708,0.109902729387955,0.129297328691712,0.232735191645082,0.226270325210496,0.239200058079667,0.096972996518784,0.0517189314766848,0.10343786295337,0.032324332172928,0.167569337984459,0.0488743902454671,0.188515505232516,0.244371951227336,0.0907667247415818,0.160587282235106,0.237389895477983,0.0837846689922294,0,0.15664868668419,0.0469946060052569,0.172313555352608,0.234973030026284,0.344627110705217,0.101821646344723,0.133151383681561,0.0313297373368379,0,
0.0694035871181483,0.0126188340214815,0.0378565020644446,0.208210761354445,0.201901344343704,0.302852016515556,0.107260089182593,0.0315470850537038,0.0567847530966668,0.0738233024994346,0.0356388356893822,0.0330932045687121,0.0890970892234555,0.674592246977592,0.0636407780167539,0.0432757290513927,0,0.0152737867240209,0.140496580976878,0.0618184956298261,0.174215760411328,0.185455486889478,0.106777401542427,0.179835623650403,0.134876717737802,0,0.0449589059126008,0.0404440719621079,0.161776287848432,0.0924435930562466,0.207998084376555,0.196442635244524,0.225331258074601,0.0404440719621079,0.0404440719621079,0.0231108982640617,
0.0677820074603336,0.0327223484291266,0.0303850378270461,0.0818058710728164,0.619387309551324,0.0584327650520117,0.039734280235368,0,0.0140238636124828,0.00684256147275732,0.0250893920667768,0.00912341529700975,0.136851229455146,0.490383572214274,0.209838551831224,0.00684256147275732,0.0593021994305634,0,0.0371343504645144,0.148537401858058,0.0848785153474615,0.190976659531788,0.180366845113356,0.206891381159437,0.0371343504645144,0.0371343504645144,0.0212196288368654,0.0809377271349008,0.0539584847566005,0.209089128431827,0.168620264864377,0.128151401296926,0.168620264864377,0.134896211891501,0,0,
0.00690164716121862,0.0253060395911349,0.00920219621495816,0.138032943224372,0.494618046554001,0.211650512944038,0.00690164716121862,0.059814275397228,0,0.0380076625357251,0.0245931934054692,0.0804868147815355,0.100608518476919,0.576822172601004,0.0670723456512796,0.0245931934054692,0.0313004279705971,0.00894297942017061,0.0816366264212717,0.0544244176141811,0.210894618254952,0.170076305044316,0.12925799183368,0.170076305044316,0.136061044035453,0,0,0.0555226681938395,0.0128129234293476,0.115316310864128,0.15802605562862,0.328865034686588,0.119587285340577,0.132400208769925,0.0298968213351443,0,
0.0351908125943535,0.0227705257963464,0.0745217207880427,0.0931521509850534,0.534072332314306,0.0621014339900356,0.0227705257963464,0.0289806691953499,0.00828019119867141,0.00678338740506543,0,0.00904451654008723,0.146973393776418,0.630855028671084,0.0339169370253271,0.0497448409704798,0,0.00452225827004362,0.0514077341460115,0.0118633232644642,0.106769909380178,0.146314320261725,0.304491963787914,0.110724350468333,0.122587673732797,0.0276810876170831,0,0.0331875405301588,0.0663750810603176,0.128009084902041,0.165937702650794,0.151714470995012,0.175419857087982,0.0853393899346941,0.0237053860929706,0.0521518494045353,
0.00755902985656027,0,0.0100787064754137,0.163778980225472,0.702989776660104,0.0377951492828013,0.0554328856147753,0,0.00503935323770684,0.0257244471558334,0.0591662284584167,0.0565937837428334,0.141484459357084,0.336990257741417,0.180071130090834,0.113187567485667,0.0694560073207501,0,0.0369823503734938,0.0739647007469875,0.142646208583476,0.184911751867469,0.169062173135972,0.195478137688467,0.095097472388984,0.0264159645524956,0.0581151220154902,0.103180757542048,0.0393069552541134,0.0982673881352835,0.186708037457039,0.23584173152468,0.108094126948812,0.108094126948812,0.0737005411014626,0.029480216440585,
0.0314023045387719,0.0722253004391753,0.0690850699852981,0.172712674963245,0.411370189457911,0.219816131771403,0.138170139970596,0.084786222254684,0,0.16451218743512,0.0479827213352434,0.18507621086451,0.239913606676217,0.0891107681940235,0.157657512958657,0.233058932199754,0.0822560937175601,0,0.125954643505014,0.0479827213352434,0.119956803338109,0.227917926342406,0.28789632801146,0.131952483671919,0.131952483671919,0.0899676025035814,0.0359870410014326,0.0461372320531187,0.0593192983540097,0.112047563557574,0.25045925971693,0.349324756973613,0.283414425469158,0.0659103315044552,0.0329551657522276,0,
0.162691365041452,0.0474516481370901,0.183027785671633,0.23725824068545,0.088124489397453,0.155912558164725,0.230479433808723,0.0813456825207259,0,0.152088615824007,0.045626584747202,0.167297477406407,0.22813292373601,0.334594954812815,0.0988576002856043,0.129275323450406,0.0304177231648013,0,0.045626584747202,0.0586627518178311,0.110807420100348,0.247687174341954,0.345458427371672,0.280277592018527,0.0651808353531457,0.0325904176765729,0,0.0949032962741802,0.0542304550138172,0.122018523781089,0.325382730082903,0.325382730082903,0.135576137534543,0.0406728412603629,0.0542304550138172,0.0338940343836358,
