0.213954626621961,0.146977526114217,0.202791776537337,0.200931301523233,0.150698476142425,0.0781399505923685,0.161861326227049,0.0706980505359524,0.182326551382193,0.116184231413976,0.160107538411943,0.0906803757377375,0.216782773248029,0.19127891757179,0.216782773248029,0.100598541834053,0.182777632346377,0.133186801864802,0.271603215117736,0.145694439897593,0.104324413753832,0.138499652742157,0.170876194941622,0.0683504779766488,0.147493136686453,0.201454040352228,0.160084014208467,0.167703002687519,0.214920352958762,0.162818449211183,0.193753954561308,0.301214131040689,0.0748964866371443,0.172587556163854,0.0569864572239142,0.0634991951923615,
0.111931973145887,0.154247719091283,0.0873615400163017,0.208848681601471,0.184278248471886,0.208848681601471,0.0969167084555846,0.176088104095358,0.128312261898943,0.179270802687273,0.28823932981091,0.0579993773400001,0.11599875468,0.246057964472728,0.219694611136364,0.0263633533363637,0.0650296048963638,0.158180120018182,0.161565194905148,0.207054424538636,0.15685941252927,0.186662700909831,0.290189913179149,0.0721553297634642,0.166270977281026,0.0549007943852445,0.0611751708864153,0.140681279395282,0.23508582214738,0.168447321381194,0.0481278061089124,0.055532083971822,0.074042778629096,0.259149725201836,0.225830474818743,0.149936626723919,
0.176509884381732,0.283800206260824,0.0571061390646781,0.114212278129356,0.24226846875924,0.21631113282075,0.02595733593849,0.0640280953149421,0.15574401563094,0.296670271123384,0.31509699603788,0.123459056927123,0.121616384435673,0.125301729418572,0.0571228472349374,0.0552801747434878,0.123459056927123,0.117931039452774,0.138514671594642,0.23146530648052,0.1658530936199,0.0473865981771143,0.0546768440505165,0.0729024587340221,0.255158605569077,0.222352499138767,0.147627478936395,0.168568944872309,0.108939114033125,0.123846571742921,0.16168857977548,0.189210040162796,0.241959505905151,0.175449309969138,0.106645659000849,0.0596298308391842,
0.289135549997662,0.307094279811182,0.12032348975058,0.118527616769228,0.122119362731932,0.0556720624219102,0.0538761894405582,0.12032348975058,0.114935870806524,0.101477499045349,0.0326791946078243,0.0756781348812773,0.0670783468265867,0.142756481707864,0.270033344917285,0.185755421981317,0.249393853586027,0.177155633926626,0.164287693551573,0.106172318961901,0.120701162609319,0.157582073406611,0.18440455398646,0.23581430843117,0.170993313696536,0.103937112246914,0.0581153745896722,0.171548339688264,0.0865072824069023,0.0381218532640586,0.0733112562770358,0.0161284763809479,0.105568209038932,0.315238401991254,0.16421721406056,0.331366878372202,
0.102577732116508,0.0330335069527736,0.0764986476801073,0.0678056195346406,0.144304267214748,0.272961083767656,0.187769407942082,0.252097816218536,0.179076379796615,0.069269708485456,0.129093547631986,0.176322894326615,0.207809125456368,0.151133909422813,0.214106371682319,0.157431155648764,0.151133909422813,0.0598238391465302,0.173408290499064,0.0874452063200408,0.0385351756664587,0.074106107050882,0.016303343551194,0.10671279415327,0.318656260318793,0.165997679793976,0.334959603869987,0.104522039870275,0.179180639777614,0.238907519703485,0.0469282627988989,0.115187554142752,0.145050994105688,0.228242005431008,0.0383958513809173,0.219709594013027,
0.0711399348338342,0.132578969463055,0.181083470486123,0.213419804501503,0.15521440327382,0.219887071304578,0.161681670076896,0.15521440327382,0.0614390346292205,0.0149768283860704,0.164745112246774,0.21716401159802,0.318257603203995,0.134791455474633,0.205931390308468,0.213419804501503,0.082372556123387,0,0.107344050778444,0.184018372763046,0.245357830350728,0.0481952881046073,0.118297525347672,0.148967254141513,0.234404355781499,0.0394325084492242,0.225641576126116,0.108841435878731,0.199964498474879,0.202495694658105,0.106310239695505,0.245526029772952,0.187308517558747,0.0759358854967893,0.0835294740464683,0.141746986260673,
0.0149056936612826,0.163962630274109,0.216132558088598,0.316745990302255,0.134151242951543,0.204953287842636,0.212406134673277,0.0819813151370543,0,0.0873875632809348,0.270107013777435,0.158886478692609,0.17477512656187,0.240977826017123,0.140349722845138,0.0476659436077826,0.103276211150196,0.121812966997667,0.10832447692139,0.199014736669531,0.201533910551424,0.105805303039498,0.244359866543601,0.186418867260067,0.0755752164567839,0.0831327381024623,0.141073737385997,0.0985439023441609,0.245213896530819,0.0550012478199968,0.203962960665821,0.185629211392489,0.240630459212486,0.0710432784341625,0.121461088935826,0.123752807594993,
0.265167986816167,0.14224243001397,0.101852604207534,0.135218112482416,0.166827541374409,0.0667310165497638,0.143998509396859,0.196680890883514,0.156291065077078,0.163729533122053,0.209828139535059,0.158960711768984,0.189163247005091,0.29407731677262,0.0731219274137326,0.168498354475123,0.0556362491191444,0.0619946775899038,0.220336313158895,0.10180095481392,0.105984555696684,0.107379089324272,0.207785510510603,0.143636963641558,0.191051106979548,0.0711212150069851,0.225914447669247,0.213551498203752,0.204835110521967,0.117671233704108,0.156894978272145,0.313789956544289,0.113313039863216,0.0196118722840181,0.0849847798974117,0.150357687510805,
0.159001824472001,0.203769328449554,0.154370703370874,0.183701137011341,0.285585801236118,0.0710105235506022,0.163632945573127,0.054029746179806,0.060204574314641,0.138449250199199,0.231355983885504,0.165774760106936,0.0473642171734102,0.0546510198154733,0.072868026420631,0.255038092472209,0.222247480582925,0.147557753501778,0.207385174718685,0.198920473709759,0.1142734636205,0.152364618160667,0.304729236321333,0.110041113116037,0.0190455772700833,0.0825308348370277,0.146016092403972,0.20299823688089,0.173998488755049,0.0250452370177722,0.0566813258823265,0.0632721777291086,0.195089214664752,0.155544103584059,0.293951992366484,0.168725807277623,
0.136505137633995,0.228107269467334,0.163446941114389,0.0466991260326826,0.0538836069607876,0.0718448092810501,0.251456832483675,0.219126668307203,0.145485738794126,0.166123391520224,0.107358654383818,0.12204983866792,0.159342844927562,0.18646503129821,0.238449221841954,0.172903938112886,0.105098472186264,0.0587647371364057,0.200147723624469,0.171555191678117,0.0246935503173047,0.0558854033496895,0.0623837060647697,0.192349760366373,0.153359944075892,0.289824301092576,0.166356549506052,0.0316175823745255,0.115087999843273,0.220058373326698,0.345263999529819,0.175793758002362,0.256734768881147,0.12394092290814,0.0265587691946014,0.0214999560146774,
0.16020478143038,0.103533702284939,0.1177014720713,0.153665810759752,0.179821693442263,0.229953801917076,0.166743752101008,0.10135404539473,0.0566710791454405,0.167284984470705,0.0843573853313811,0.03717444099349,0.0714893096028654,0.0157276481126304,0.102944605828126,0.307404031292321,0.160136053510418,0.323131679404951,0.0304911176404152,0.110987668211111,0.21221817877729,0.332963004633334,0.169530614080708,0.247587875240171,0.119525181150428,0.0256125388179488,0.0207339599954823,0.330829509175507,0.113952386493786,0.0544030748421944,0.0845453190115183,0.14630016072428,0.105130266249105,0.0367588343528341,0.162474047839527,0.235256539858138,
0.170880979903924,0.0861707505498419,0.0379735510897609,0.0730260597880017,0.0160657331533604,0.105157526094722,0.314012057088407,0.163578373925124,0.330077790241767,0.102998700599531,0.176569201027767,0.235425601370356,0.0462443145548914,0.113508772089279,0.142936972260573,0.224915529880608,0.037836257363093,0.21650747268881,0.337941094282403,0.11640193247505,0.0555725355042173,0.0863627240943918,0.149445061693774,0.107390169960852,0.0375490104758225,0.165966626303135,0.240313667045264,0.0451546823849678,0.127938266757409,0.125429673291577,0.175601542608208,0.198178883800692,0.263402313912312,0.142989827552398,0.0727492105091149,0.14549842101823,
0.110616797962818,0.189628796507688,0.252838395343584,0.0496646847996327,0.121904226326371,0.153509025744319,0.241550966980032,0.0406347421087904,0.232521024289189,0.11215983592263,0.206061093904366,0.208669462181637,0.109551467645359,0.253011722895235,0.193019252518014,0.0782510483181138,0.0860761531499252,0.146068623527146,0.0484944601182276,0.137400970334978,0.134706833661743,0.188589567126441,0.212836797185554,0.282884350689661,0.153565790374387,0.0781299635238111,0.156259927047622,0.134419937243961,0.229440927364692,0.176136469492087,0.173818884367191,0.0811154793713559,0.111244085995002,0.192359565366358,0.164548543867608,0.129784766994169,
0.113346442678694,0.20824113887481,0.210877102658036,0.110710478895469,0.255688486972868,0.195061319958683,0.0790789134967634,0.0869868048464398,0.147613971860625,0.103112436780959,0.256582110129362,0.0575511275056513,0.213418764500124,0.194235055331573,0.251786182837225,0.074336873028133,0.127092073241647,0.129490036887715,0.1358420470783,0.231868321737099,0.177999923757773,0.175657819497802,0.0819736490989744,0.112421004478593,0.194394653577568,0.166289402457919,0.131157838558359,0.120727638154625,0.244108630993968,0.187061505272551,0.181754795903117,0.237475244282175,0.10746086473104,0.115420928785191,0.114094251442833,0.0995008006768889,
0.219868784234157,0.101584944614516,0.105759668365797,0.107151242949558,0.207344612980313,0.14333218212733,0.190645717975187,0.0709703037717849,0.225435082569199,0.213098365894784,0.204400473409282,0.117421548554268,0.156562064739025,0.313124129478049,0.113072602311518,0.0195702580923781,0.0848044517336383,0.150038645374899,0.246668321723657,0.101065492928443,0.109630365210514,0.2038439603133,0.205556934769714,0.125047135318243,0.111343339666928,0.138750930969557,0.130186058687486,0.148255761692754,0.0581395143893153,0.213662715380734,0.16133715243035,0.293604547666042,0.18168598246661,0.193313885344473,0.107558101620233,0.0145348785973288,
0.208223313546016,0.199724402789036,0.114735295219233,0.152980393625644,0.305960787251289,0.110485839840743,0.0191225492032056,0.0828643798805574,0.146606210557909,0.203818646075715,0.174701696636327,0.0251464563340168,0.0569104011769854,0.0635278896859372,0.195877659864973,0.156172728811262,0.29513998749925,0.169407705829166,0.144864113914397,0.0568094564370184,0.208774752406043,0.157646241612726,0.286887755006943,0.177529551365682,0.188891442653086,0.105097494408484,0.0142023641092546,0.269026317733289,0.239134504651813,0.179350878488859,0.120674356514109,0.123995669078718,0.100746481126458,0.106282002067472,0.112924627196689,0.0885683350562268,
0.195135410672987,0.167258923433989,0.0240751480700438,0.0544858614216782,0.0608214267032687,0.187532732335078,0.149519340645535,0.282566211558936,0.162190471208716,0.0308257811251257,0.112205843295457,0.214547436630875,0.336617529886372,0.171391343055699,0.25030534273602,0.120837062010493,0.0258936561451056,0.0209615311650854,0.257565056011731,0.228946716454872,0.171710037341154,0.115533296729542,0.11871311223586,0.096454403691636,0.101754096202165,0.108113727214801,0.0847950801684712,0.0881556851853367,0.10462432967051,0.0668433217339366,0.260592080383028,0.238310973138383,0.327435402116965,0.0658745779406912,0.0716870407001639,0.0600621151812184,
0.0293536151739053,0.106847159233015,0.204301161610381,0.320541477699046,0.163206100366913,0.238351355212111,0.115066171481709,0.0246570367460804,0.0199604583182556,0.318487574480971,0.109701275654557,0.0523735122479819,0.081391269034026,0.140842282937141,0.101208273668398,0.0353875082756635,0.156412786578433,0.226480052964246,0.0839455794426935,0.0996277206572626,0.0636510437532511,0.248146822748182,0.226929808163765,0.311797866501433,0.0627285648582765,0.0682634382281244,0.0571936914884285,0.101266324427624,0.200507322366695,0.311900279237081,0.00810130595420988,0.0779750698092701,0.0111392956870386,0.0263292443511821,0.235950535916363,0.249115158091954,
0.335339289349535,0.115505755220395,0.055144683137479,0.0856978183893255,0.148294485734572,0.106563374171074,0.0372599210388372,0.16468885099166,0.238463494648558,0.0448070369598953,0.12695327138637,0.124463991555265,0.174249588177371,0.196653106657318,0.261374382266056,0.141888950373002,0.0721891151020535,0.144378230204107,0.106624496493905,0.211116503057932,0.328403449201228,0.00852995971951242,0.082100862300307,0.0117286946143296,0.0277223690884154,0.248435076830799,0.262296261375007,0.107488564084003,0.214977128168005,0.188831261228653,0.281794343679682,0.127824238370165,0.06536466734838,0.135086979186652,0.0987732751042186,0.0668172155116773,
0.0480298873400767,0.136084680796884,0.133416353722435,0.18678289521141,0.210797838881448,0.280174342817114,0.152094643243576,0.0773814851590125,0.154762970318025,0.133132205747785,0.227242902914323,0.174449097186753,0.172153714329033,0.0803384000202152,0.110178377170581,0.190516777190796,0.162972182898151,0.128541440032344,0.115219929135732,0.230439858271464,0.202413389022232,0.302063057463946,0.137018294107357,0.0700661731230803,0.144803424454366,0.105877772719321,0.0716231991924821,0.0599793520647818,0.188506535060743,0.239917408259127,0.299896760323909,0.172797657139014,0.0728320703643779,0.115674464696365,0.0842567088529078,0.145664140728756,
0.131291182303859,0.224100466346242,0.172036721639539,0.169773080565335,0.0792274375971563,0.108654771561814,0.187882209158971,0.160718516268517,0.12676390015545,0.116683123458357,0.235930711168545,0.180794729754157,0.175665801250493,0.229519550538965,0.103860802199197,0.111554194954693,0.110271962828777,0.0961674094437005,0.0591499254607341,0.185899765733736,0.236599701842936,0.29574962730367,0.170408118589258,0.0718249094880342,0.114074856245701,0.0830915619567455,0.143649818976068,0.0690735332643009,0.0555591463212855,0.364888447461416,0.247763760621949,0.0991055042487796,0.196709409948335,0.0510543506736137,0.118626285388691,0.157667847668513,
0.24814626618543,0.101671039617641,0.110287229415747,0.205065317194904,0.206788555154525,0.125796371052336,0.112010467375368,0.139582274729304,0.130966084931199,0.149144054848473,0.0584878646464599,0.21494290257574,0.162303824393926,0.295363716464622,0.182774577020187,0.194472149949479,0.108202549595951,0.014621966161615,0.162389835959583,0.0974339015757497,0.115992739971131,0.109033175572863,0.280702430730136,0.115992739971131,0.192547948352077,0.125272159168821,0.180948674354964,0.224628982213294,0.122811172518483,0.0619304203298333,0.258218362731169,0.266615707860638,0.119662168094932,0.140655530918604,0.0976191371300762,0.0881721238594236,
0.147979340994091,0.0580311141153299,0.213264344373838,0.161036341670041,0.293057126282416,0.181347231610406,0.192953454433472,0.10735756111336,0.0145077785288325,0.274811588132613,0.244276967228989,0.183207725421742,0.123269395499814,0.126662131155772,0.102912981564065,0.108567540990662,0.115353012302578,0.0904729508255516,0.222874782302709,0.121852100604752,0.0614467857750459,0.256201852553581,0.264533620116299,0.118727687768733,0.139557106675528,0.0968567979165978,0.08748355940854,0.290418558951862,0.159261790392957,0.178583992903867,0.114176651200833,0.156919705240119,0.139354066593837,0.124130513100393,0.132913332423534,0.0737756823143844,
0.260772176920629,0.231797490596115,0.173848117947086,0.116971881828595,0.120191291420208,0.0976554242789188,0.103021106931607,0.109459926114832,0.0858509224430055,0.0892533726805816,0.105927079664866,0.0676756342303311,0.263836892868972,0.241278348125528,0.331512527099303,0.0666948279371379,0.0725796656962971,0.0608099901779787,0.275581828083187,0.151125518626264,0.169460599930185,0.108343662250446,0.148903084528819,0.132234828797981,0.117789007164588,0.126123135030007,0.0700066740695192,0.074538832381703,0.0507728278542035,0.047532009054999,0.0756191053147712,0.0691374677163622,0.308958058857494,0.301396148326016,0.274389324999313,0.0972245639761343,
0.0797962166584412,0.0947032021880401,0.0605048236201367,0.235881123968359,0.215712849428314,0.296385947588496,0.0596279421183956,0.0648892311288423,0.0543666531079489,0.0962608110859133,0.190596405950108,0.296483298144613,0.00770086488687306,0.0741208245361532,0.0105886892194505,0.0250278108823375,0.224287689830178,0.236801595271347,0.0666408073954124,0.045393013733107,0.0424955873246108,0.0676066161982445,0.0618117633812521,0.27622131760997,0.269460655990146,0.245315435919344,0.0869227922548858,0.176221623132677,0.181199635085578,0.455985894885684,0.0258856621550825,0.0826349984181481,0.0637185529971262,0.0388284932326238,0.0119472286869612,0.125445901213092,
0.101161455211651,0.200299681319069,0.311577282051886,0.0080929164169321,0.0778943205129715,0.0111277600732816,0.0263019783550293,0.235706190643147,0.248857179820662,0.101981251203096,0.203962502406191,0.179156252113546,0.267356253154061,0.121275001430708,0.0620156257316122,0.128165626511998,0.0937125011055473,0.0633937507478702,0.185193077377566,0.190424520241339,0.479200166321612,0.0272035028916199,0.0868419515386327,0.0669624686562951,0.0408052543374298,0.0125554628730553,0.131832360167081,0.137193119596026,0.150912431555629,0.101179925702069,0.137193119596026,0.118329065651572,0.279530981176903,0.0977500977121685,0.114899237661672,0.0840307857525659,
0.108741923341478,0.217483846682955,0.191033108572866,0.285080177408738,0.129314719649325,0.0661268452752228,0.136662146902127,0.0999250106381145,0.0675963307257833,0.0566071351824613,0.177908139144878,0.226428540729845,0.283035675912306,0.163082460882805,0.068737235578703,0.109170903566175,0.0795195470420289,0.137474471157406,0.146288102156922,0.160916912372615,0.10788747534073,0.146288102156922,0.126173488110346,0.298062008144729,0.104230272786807,0.122516285556422,0.089601462571115,0,0.0571165357240357,0.0454003232678233,0.0717618012943013,0.30608605041855,0.355879953357453,0.218214456996957,0.17867223995724,0.0688327481802482,
0.0535684180561517,0.168357885319334,0.214273672224607,0.267842090280759,0.154328061542723,0.06504736478247,0.103310520536864,0.0752508729836417,0.13009472956494,0.0625556140214222,0.0503164721476657,0.330456830591426,0.224384267685536,0.0897537070742145,0.178147509495789,0.0462367581897469,0.107432467558529,0.142789988527159,0,0.0540504735617189,0.042963196933674,0.067909569346775,0.289655101907673,0.336776027576864,0.206500527197336,0.169080968577685,0.0651377501897638,0.0936449394632876,0.0826278877617244,0.273590117255487,0.369071232002369,0.117515218150008,0.0661023102093795,0.029378804537502,0.0679384854929734,0.132204620418759,
0.154818470592772,0.0928910823556632,0.11058462185198,0.103949544540861,0.267614784881792,0.11058462185198,0.183570472274287,0.119431391600138,0.172512010089089,0.21415573993023,0.117085147531948,0.0590429376443157,0.246179028144096,0.254184850197563,0.114082964261898,0.134097519395564,0.0930676813715485,0.0840611315613986,0.244078383716671,0.260866843972316,0.210501463205383,0.114936381750179,0.0671538410225763,0,0.123976321887833,0.166593182536776,0.127850581946828,0.198505867366025,0.149735029263165,0.0650277841371461,0.0282357483753398,0.0607496404439128,0.0290913771139864,0.140323113138052,0.326850178163024,0.317438262037911,
0.212166800589056,0.115997736770652,0.0584945852091324,0.243892677312654,0.251824146493553,0.113023435827815,0.132852108780063,0.0922033292279544,0.0832804263994427,0.276465447763455,0.151610084257378,0.170003954773898,0.108691053052165,0.14938052419477,0.132658823725206,0.118166683318251,0.126527533553033,0.0702311419721679,0.196662273870998,0.14834438761821,0.0644238483370511,0.0279735130937195,0.0601854372622451,0.0288211953086807,0.139019883253637,0.323814606115178,0.314490101750605,0.12398634910127,0.0976862144434248,0.0834089984863089,0.0781489715547398,0.108206268306563,0.139014997477181,0.139766429895977,0.143523591989955,0.389993425354904,
0.277251822904049,0.152041322237704,0.170487512068014,0.109000212633648,0.149805420440091,0.133036156957991,0.118502795273505,0.126887427014555,0.0704309066248188,0.0749905293056125,0.0510805054690404,0.0478200476731442,0.0760773485709113,0.0695564329791189,0.310830309875437,0.303222575018346,0.276052093385878,0.0978137338768859,0.124339014446958,0.0979640719885123,0.0836462460824989,0.0783712575908098,0.10851404897189,0.139410410137498,0.140163979922025,0.14393182884466,0.391102718169522,0.178640805454756,0.258899718050371,0.165695819552238,0.11132687876166,0.018122980263526,0.116504873122667,0.183818799815764,0.164401320961986,0.110032380171408,
0.0661598243294699,0.0450653875867404,0.0421888734854591,0.0671186623632303,0.0613656341606677,0.274227677655484,0.267515811419161,0.24354486057515,0.086295423038439,0.174949735532685,0.179891818457337,0.452694795898133,0.025698831208191,0.082038576549225,0.063258661435547,0.0385482468122864,0.0118609990191651,0.124540489701233,0.157604492412579,0.228412307844317,0.146183877020363,0.0982172923730564,0.0159888615491022,0.102785538529943,0.162172738569465,0.145041815481141,0.0970752308338348,0.42676401069221,0.273128966843014,0.10973931703514,0.031702469365707,0.0195092119173582,0.0243865148966977,0.0487730297933954,0.129248528952498,0.0902301051177815,
0.181010220932793,0.186123504009991,0.468376729871295,0.0265890720014272,0.0848804990814792,0.0654500233881286,0.0398836080021408,0.0122718793852741,0.128854733545378,0.134094412384034,0.147503853622438,0.0988946291332254,0.134094412384034,0.11565643068123,0.27321736523247,0.0955422688236246,0.112304070371629,0.0821328275852211,0.441547668685272,0.282590507958574,0.113540829090499,0.0328006839594773,0.0201850362827553,0.0252312953534441,0.0504625907068882,0.133725865373254,0.0933557928077432,0.155190950889142,0.115846766156683,0.0852457335869933,0.157376738929834,0.201092499743677,0.198906711702984,0.144262010685681,0.0590162770986877,0.0765025814242248,
0.149045945381833,0.163950539920017,0.109921384719102,0.149045945381833,0.128552127891831,0.303681113715485,0.106195236084556,0.124825979257285,0.0912906415463729,0,0.0581933044342343,0.0462562163451606,0.0731146645455765,0.311856426327051,0.362589050705614,0.222328265658998,0.182040593358374,0.070130392523308,0.172494748876887,0.128763685781338,0.0947506367070226,0.174924252382196,0.223514322488361,0.221084818983053,0.160347231350346,0.0655965946433233,0.0850326226857895,0.240416559911618,0.213000636412925,0.122317197148016,0.137079617493467,0.0970101908415303,0.175040126953196,0.0421783438441436,0.14973312064671,0.14973312064671,
0,0.0547785577164445,0.0435419304925584,0.068824341746302,0.293556886224023,0.341312551925539,0.209282182044878,0.171358565164262,0.0660151849403305,0.094906378856887,0.0837409225207827,0.277275499013258,0.374042787259496,0.119098200918446,0.0669927380166261,0.0297745502296116,0.0688536474059769,0.133985476033252,0.226309066500786,0.200501892250696,0.1151397005004,0.129035871250448,0.0913176935003172,0.164768881750572,0.0397033450001379,0.14094687475049,0.14094687475049,0.033025282374485,0.135246394485986,0.232749609115418,0.292509643888296,0.209160121705072,0.116374804557709,0.06605056474897,0.119520069545755,0.0440337098326466,
0.230625284481515,0.246488399287122,0.198899054870301,0.108601324438385,0.0634524592224274,0,0.117143001641405,0.157410908455637,0.120803720442698,0.187564631637687,0.141481941968083,0.0614435862261387,0.0266794519139813,0.0574012450270507,0.0274879201537989,0.132588791330089,0.308834867610329,0.299941716972335,0.0910049043900449,0.0817186896563669,0.125363898904654,0.033430373041241,0.00464310736683903,0.062217638715643,0.376091696713961,0.340804080725985,0.128149763324757,0.236628474816777,0.113365733182182,0.17184805585553,0.114265461223311,0.0260921131927245,0.162850775444246,0.12596192575798,0.101669268647513,0.190742344719227,
0.19536186867214,0.147363478524243,0.0639978535305285,0.0277885416645716,0.0597874684298359,0.0286306186847101,0.138100631302719,0.32167342169292,0.312410574471396,0.123166504553634,0.0970402763149847,0.0828574666997177,0.0776322210519877,0.107490767610445,0.138095777832863,0.138842241496824,0.142574559816631,0.387414641595977,0.246465341667088,0.118078452661799,0.17899194014606,0.11901558323848,0.0271767867237474,0.169620634379251,0.131198280735332,0.105895755164947,0.19867168225636,0.0719246867211902,0.113763229977307,0.235518091812525,0.123635245801784,0.233637707845958,0.178166380832229,0.20778242830566,0.127396013734919,0.00329067194149236,
0.126329652279401,0.0995324533110434,0.0849854024425063,0.0796259626488347,0.110251332898386,0.141642337404177,0.142407971660416,0.14623614294161,0.397364178987935,0.181500801951737,0.263044640509764,0.168348569926249,0.113109195419199,0.0184131248356835,0.118370088229394,0.186761694761933,0.1670333467237,0.11179397221665,0.0737718480906967,0.116684883908161,0.241566639826399,0.126810431685315,0.239637964059322,0.182742028930549,0.213118672262013,0.130667783219469,0.00337518259238482,0.161900692085454,0.146105502613702,0.258251347863139,0.169008527347742,0.024482543681215,0.0331698978906784,0.217183855236585,0.10108921261921,0.217183855236584,
0.170978328081277,0.247794678378662,0.158588594162344,0.106551711702825,0.0173456274865063,0.111507605270398,0.17593422164885,0.15734962077045,0.105312738310931,0.462977900670491,0.296305856429114,0.119051460172412,0.0343926440498079,0.021164704030651,0.0264558800383138,0.0529117600766276,0.140216164203063,0.0978867561417611,0.152514530791623,0.137635064372928,0.243279275945662,0.159210290680036,0.0230631729489771,0.0312468794792593,0.204592663257055,0.0952285850796475,0.204592663257055,0.101661701506164,0.303136709945654,0.149719960399988,0.112752068943201,0.088722939496289,0.0831777557777709,0.0499066534666626,0.207020192158008,0.155265144118506,
0.465175414098983,0.297712265023349,0.119616535054024,0.0345558879044959,0.0212651617873821,0.0265814522342276,0.0531629044684552,0.140881696841406,0.0983513732666421,0.16349540483188,0.122045865578727,0.0898073350484976,0.165798157012611,0.211853200627225,0.209550448446494,0.151981643928227,0.0621743088797291,0.0805963263255747,0.102144236318084,0.304575541021197,0.150430602577542,0.113287243916421,0.0891440607866918,0.0835725569875236,0.0501435341925141,0.208002808502281,0.156002106376711,0.238324539874968,0.232694826334615,0.121977126707661,0.234571397514732,0.144495980869075,0.0562971354035358,0.0675565624842429,0.0938285590058929,0.0675565624842429,
0.179642463213223,0.134099303525363,0.0986768459903617,0.182172638751437,0.232776149515725,0.230245973977511,0.166991585522151,0.0683147395317888,0.0885561438375041,0.250378769794304,0.221826804817761,0.127385689895348,0.142759824882717,0.101030029917,0.182293314850239,0.043926099963913,0.155937654871891,0.155937654871891,0.26186183906099,0.255676126327265,0.134023775897357,0.25773803057184,0.158766626832254,0.0618571273372416,0.07422855280469,0.103095212228736,0.07422855280469,0.114740518593444,0.135393811940264,0.135393811940264,0.282261675739872,0.0849079837591484,0.215712174955674,0.208827743840068,0.103266466734099,0.100971656362231,
0.244622400979453,0.216726864025656,0.124457011024634,0.139477684768986,0.0987072846057443,0.178102274397321,0.0429162106981497,0.152352547978431,0.152352547978431,0.0356977472992355,0.146190774654012,0.251584123823183,0.316180047507514,0.226085732895158,0.125792061911592,0.0713954945984709,0.129191847368662,0.0475969963989806,0.112102560336944,0.132281021197594,0.132281021197594,0.275772298428883,0.0829558946493387,0.210752813433455,0.204026659813238,0.10089230430325,0.0986502530965109,0.261805759260298,0.0548376928180354,0.196354319445224,0.265343674925978,0.187509530281024,0.0813720603106332,0.0884478916419926,0.139747668794348,0.0742962289792738,
0.087647699645039,0.0787040568241167,0.120739178082452,0.0321971141553205,0.00447182141046117,0.0599224069001797,0.362217534247355,0.32823169152785,0.123422270928728,0.227899162437594,0.109183629152612,0.16550851720753,0.110050165891918,0.0251295654398868,0.156843149814466,0.121315143502902,0.0979186515416279,0.183705788732966,0.0625130424358205,0.0343208860431956,0.0281921563926249,0.106639895919929,0.101736912199473,0.109091387780157,0.485395388325194,0.140960781963125,0.128703322661983,0.273167494790068,0.217594737970312,0.19959229562025,0.169066415113624,0.0782714884785296,0.0673134800915354,0.0516591823958295,0.0493110377414736,0.0915776415198796,
0.253087605462194,0.12125109615299,0.183801264803342,0.122213406439919,0.0279069983209263,0.174178161934057,0.134723440169989,0.10874106242292,0.204009780828841,0.0738572271977794,0.11681992798603,0.241846214549592,0.126957194464157,0.239915306648996,0.182953523581428,0.213365323015807,0.130819010265348,0.0033790888260422,0.303359198020116,0.241644289540379,0.221652136089196,0.187752397628496,0.0869224063094888,0.0747532694261604,0.0573687881642626,0.054761115974978,0.101699215382102,0.0377101932854966,0.300005537693506,0.183522940656083,0.122348627104056,0.094694485361358,0.148326760256286,0.265647361588943,0.103912532608924,0.0737443779805266,
0.0734313435295124,0.116146308066288,0.240451654302521,0.12622511992328,0.238531880615475,0.181898556847616,0.212134992418592,0.130064667297372,0.00335960395233064,0.161153416186303,0.145431131680322,0.257059351672786,0.168228444213995,0.0243695409842702,0.0330167974625597,0.216181411957236,0.100622620838277,0.216181411957236,0.0374927446205951,0.298275612759401,0.182464690486896,0.121643126991264,0.0941484476028276,0.147471462174341,0.264115556549525,0.103313340732306,0.0733191450358303,0.170113279491027,0.231972653851401,0.163485489380987,0.077324217950467,0.0342435822352068,0.100521483335607,0.300459818321815,0.181159596341094,0.0629640060453803,
0.158508436599991,0.143044198882919,0.252840286674133,0.165467343572674,0.0239695684614621,0.0324748992058519,0.212633268609745,0.098971121389263,0.212633268609745,0.105657062866053,0.315050151091504,0.155604038039097,0.117183287905986,0.0922098003194647,0.0864466877994982,0.0518680126796989,0.215156200745418,0.161367150559063,0.167321243415949,0.228165331930839,0.160802233932211,0.0760551106436131,0.0336815489993144,0.098871643836697,0.295528429929468,0.178186259222179,0.0619305900955135,0.108877053976565,0.159128001965749,0.157931550823149,0.223736363666128,0.378078561061479,0.0550367525595824,0.0382864365631877,0.107680602833966,0.071787068555977,
0.107425156140828,0.320322283765377,0.158207957225583,0.119144264083463,0.093752863541086,0.0878933095697681,0.0527359857418609,0.218756681595867,0.1640675111969,0.250646065124348,0.244725291932434,0.128283419158131,0.246698882996406,0.151966511925786,0.0592077319191373,0.0710492783029648,0.0986795531985622,0.0710492783029648,0.110699031435443,0.161790892097955,0.160574419225038,0.227480427235471,0.384405427841759,0.0559577521541801,0.0389271319333427,0.109482558562526,0.0729883723750175,0.0972670426955212,0.176132212448646,0.201106182870469,0.241853187242917,0.187961987911615,0.0670353942901565,0.118297754629688,0.12355543261323,0.10909681815849,
0.261862518330181,0.255676789550728,0.134024123554817,0.257738699143879,0.158767038672629,0.061857287794531,0.0742287453534372,0.103095479657552,0.0742287453534372,0.114740816230165,0.135394163151595,0.135394163151595,0.282262407926207,0.0849082040103224,0.215712734512711,0.208828285538901,0.103266734607149,0.100971918282546,0.101619759073984,0.184014158323161,0.2101057180854,0.252676157697474,0.196373318210537,0.0700352393618,0.123591598873765,0.12908455882371,0.113978918961361,0.115268827065915,0.195607706536098,0.237523643650976,0.249749125309482,0.127494308724421,0.14845227728186,0.132733800863781,0.0628739056723172,0.111775832306342,
0.112048041223624,0.132216688643877,0.132216688643877,0.275638181410116,0.0829155505054819,0.210650317500413,0.203927435026996,0.100843237101262,0.0986022762767893,0.261678434622805,0.0548110234682903,0.196258825967104,0.265214629685276,0.187418338310928,0.0813324864368179,0.0884048765617586,0.139679704967579,0.0742600963118772,0.11256366052837,0.191017120896628,0.231949361088763,0.243887931144802,0.124502230584409,0.144968350680477,0.129618760608426,0.0613983602882019,0.109152640512359,0.146303939223946,0.214352283049038,0.185431736923374,0.307918755808538,0.251778872152838,0.0867616383769914,0.0493350492731912,0.023816920338782,0.0833592211857369,
0.0620583699856838,0.0340712619529245,0.0279871080327594,0.105864278210872,0.10099695507474,0.108297939778938,0.481864990477075,0.139935540163797,0.127767232323467,0.271180681649732,0.216012118907236,0.198140612666709,0.16783675425886,0.0777022010457684,0.0668238928993608,0.0512834526902072,0.0489523866588341,0.0909115752235491,0.0611709274004607,0.11436303818347,0.109043827105169,0.103724616026868,0.183512782201382,0.0851073772528148,0.311173848080604,0.175533965583931,0.0452132941655579,0.190663608415136,0.198428189753309,0.382189948090068,0.19497726471412,0.0276074003135038,0.0301955940928948,0.0560775318868046,0.0327837878722858,0.0759203508621354,
0.283943323610234,0.226178349466032,0.207465752208051,0.175735695987996,0.0813591185129611,0.0699688419211466,0.0536970182185543,0.0512562446631655,0.0951901686601645,0.0352966308104434,0.280804307336417,0.171776936610825,0.11451795774055,0.0886337618128913,0.138833414521078,0.248645154820235,0.0972618271221108,0.0690245224737561,0.199636855898313,0.207766863604579,0.400177045986211,0.204153526846239,0.0289066940667241,0.0316166966354795,0.0587167223230333,0.0343266992042348,0.0794934086834912,0.110902318944908,0.328674145236729,0.235247343216472,0.0517544155076239,0.176099439779188,0.0766234203619367,0.0255411401206456,0.123000753738898,0.116951536341903,
0.0364154291095233,0.289704969360207,0.17722175499968,0.118147836666453,0.0914431886528029,0.143234021164125,0.256526467282642,0.100344737990686,0.0712123947030677,0.165225249113697,0.225307157882314,0.158787901745631,0.0751023859607712,0.0332596280683415,0.0976331017490025,0.291826414018997,0.175954161393807,0.061154799996628,0.114417592866261,0.339092138858193,0.242703984867827,0.0533948766709219,0.181681268672488,0.0790521550712351,0.0263507183570784,0.126899512088035,0.120658552477148,0.0852773078248321,0.105642038051658,0.217648054299198,0.0649125775980065,0.154008272340368,0.0814589209073023,0.224012032495081,0.329654070546739,0.0216375258660022,
0.167170453407,0.227959709191364,0.160657318858675,0.0759865697304545,0.0336511951663441,0.0987825406495909,0.295262099524052,0.178025677654208,0.0618747782090844,0.108778933907599,0.158984595711107,0.157789222811023,0.223534732315616,0.377737836426388,0.0549871534038413,0.0382519328026722,0.107583561007516,0.0717223740050105,0.0862812814075141,0.106885766519756,0.220210434637088,0.065676796295272,0.155821418661331,0.0824179404489687,0.226649336234664,0.33353510275442,0.0218922654317573,0.126503371303691,0.20421258510453,0.13915370843406,0.078612809310151,0.259331911172567,0.131021348850252,0.155418427601678,0.115660225191946,0.089455955421896,
0.111900145298363,0.1635463662053,0.162316694278944,0.229948650228504,0.388576328728381,0.0565649086123593,0.0393495016433804,0.110670473372007,0.0737803155813382,0.0983224159166945,0.178043293686987,0.203288238314247,0.244477358495565,0.190001425352531,0.0677627461047489,0.119581316655439,0.124896041840125,0.110280547582238,0.130133152818359,0.210072089549637,0.143146468100195,0.080868459251409,0.266772963277637,0.134780765419015,0.159877873462556,0.118978882576786,0.0920227294929827,0.213816761149951,0.0382242254569745,0.167230986374263,0.166036479328733,0.13139577500835,0.115867183416454,0.3177388741111,0.0406132395480354,0.145729859554715,
0.101216173774322,0.183283341699449,0.209271278209072,0.25167264830372,0.195593416888218,0.0697570927363573,0.123100751887689,0.128571896416031,0.113526248963091,0.114811034166807,0.194830845858825,0.236580312828573,0.248757240694749,0.126987962032984,0.147862695517858,0.132206645404203,0.0626242004546222,0.111331911919328,0.220109669302192,0.0393492146238556,0.172152813979368,0.170923151022373,0.135262925269504,0.119277306828562,0.327090346560799,0.0418085405378466,0.150018880753449,0.140491762347899,0.268587192723924,0.119831209061443,0.235530307465595,0.198341311549975,0.101236711103633,0.0909064344604051,0.154954149648418,0.0661137705166582,
0.113856152691648,0.193210440931281,0.234612678273699,0.246688330831904,0.125931805249853,0.146632923921062,0.131107084917655,0.0621033560136261,0.110405966246446,0.147983848121863,0.216813544922729,0.187560923782361,0.31145437802392,0.254669878163205,0.0877578634211046,0.0499015301806281,0.0240903938803032,0.0843163785810612,0.139323294680552,0.266353357477527,0.118834574874589,0.233571405787985,0.19669171013725,0.100394727049222,0.0901503671462398,0.153665398544727,0.0655639033790835,0.148164661686138,0.219857239921366,0.241365013391935,0.10275936213716,0.150554414293979,0.038236041725455,0.138605651254774,0.174451940372388,0.150554414293979,
0.0653258949956657,0.122131021078853,0.116450508470535,0.110769995862216,0.195977684986997,0.0908882017331001,0.332309987586647,0.187456916074519,0.0482843571707095,0.203614223163275,0.211906205102051,0.40814977765308,0.208220879795928,0.029482602448981,0.0322465964285729,0.0598865362244926,0.0350105904081649,0.0810771567346976,0.164279465896273,0.028570341895004,0.124995245790643,0.183921575949089,0.224991442423157,0.237490967002221,0.0982105502640764,0.0946392575272009,0.112495721211578,0.118432329100676,0.281868943259608,0.234496011619338,0.196597666307121,0.0852712769524864,0.0781653372064459,0.0284237589841621,0.0805339837884594,0.165805260740946,
0.202837925643693,0.211098293656332,0.406593669955457,0.207427018984048,0.0293701973782723,0.0321236533824854,0.0596582134246156,0.0348771093866984,0.0807680427902489,0.112680578055781,0.333944258601677,0.23901940799711,0.0525842697593642,0.178923099700694,0.0778520357476302,0.0259506785825434,0.124973004752775,0.118826791404278,0.117980795205397,0.280794292588844,0.233601974506685,0.195848120040958,0.0849461725478856,0.0778673248355618,0.0283153908492952,0.0802269407396697,0.165173113287555,0.147945560937734,0.0703643521533127,0.07216856631109,0.182225629935502,0.24898155377326,0.147945560937734,0.128099205202185,0.185834058251057,0.0811896370999762,
0.118428505033343,0.350979024007907,0.251211980373758,0.0552666356822267,0.188050111022642,0.0818233307503097,0.0272744435834366,0.131347978309708,0.124888241671525,0.0882667064213432,0.109345322880171,0.225277713403727,0.067188089962515,0.159407036969888,0.0843144658353129,0.231864781047111,0.341210103927282,0.022396029987505,0.155492383075119,0.0739536943893857,0.0758499429634725,0.191521105982768,0.26168230322398,0.155492383075119,0.134633648760164,0.195313603130942,0.0853311858339065,0.123175621661917,0.166800321000513,0.241218925754588,0.161668003431266,0.120609462877294,0.153969527077396,0.0872493986771913,0.179631114923629,0.0949478750310611,
0.0902370108530255,0.111786147773151,0.230306400833841,0.0686878739329,0.162965347958449,0.086196547680502,0.23704050612138,0.348826653894531,0.0228959579776333,0.132303158959359,0.213575099462965,0.145533474855295,0.0822169630676015,0.271221475866686,0.137028271779336,0.162543881007212,0.120962888191414,0.0935572338355466,0.125925168836332,0.170523666132533,0.246603455637816,0.165276784097685,0.123301727818908,0.157406461045415,0.0891969945924017,0.183640871219651,0.0970673176446724,0.220672305617888,0.160828968501173,0.26181459988563,0.144621398032062,0.0935052142448679,0.0199477790389052,0.137140980892473,0.225659250377615,0.0947519504347995,
0.130697198546158,0.210982620510227,0.143766918400774,0.0812189733822556,0.267929257019625,0.135364955637093,0.160570843928138,0.119494581527916,0.0924215904004978,0.214743522917007,0.0383899035382359,0.167955827979782,0.166756143494212,0.131965293412686,0.116369395100277,0.319116073161586,0.0407892725093756,0.146361507239524,0.21799367730773,0.158876747868345,0.258636566297306,0.142865912811845,0.092370202249038,0.0197056431464614,0.135476296631922,0.222920088094345,0.0936018049456918,0.0785056689679933,0.270059501249897,0.271629614629257,0.243367573800779,0.142880317521748,0.0942068027615919,0.034542494345917,0.0643746485537545,0.142880317521748,
0.212603015718986,0.0380072430335617,0.166281688271833,0.165093961927034,0.130649897927869,0.115209455445484,0.315935207716482,0.0403826957231594,0.144902614065454,0.135700409952599,0.259427254321144,0.115744467312511,0.227497746097004,0.191577049344845,0.0977841189364313,0.0878061476163873,0.14966956980066,0.0638590164482817,0.0777231450192902,0.267367618866358,0.268922081766744,0.2409417495598,0.141456123935108,0.0932677740231482,0.0341981838084877,0.063732978915818,0.141456123935108,0.276365285030784,0.0703475270987451,0.0452234102777647,0.0452234102777647,0.226117051388823,0.145719877561686,0.221092228024627,0.173356406064765,0.125620584104902,
0.138275540187817,0.264350297417886,0.117940901924903,0.231814876197223,0.195212527323978,0.0996397274882802,0.089472408356823,0.152509786971857,0.0650708424413259,0.147050417364669,0.218203845121766,0.239549873448896,0.101986579785173,0.149422198289905,0.0379484948037855,0.137563293663722,0.173140007542271,0.149422198289905,0.281609754090946,0.0716824828595135,0.046081596123973,0.046081596123973,0.230407980619865,0.148485143066135,0.225287803272757,0.17664611847523,0.128004433677703,0.12651512519245,0.166769937753685,0.324913844244248,0.232902844104284,0.0862603126312162,0.129390468946824,0.0603822188418513,0.0488808438243558,0.17827131277118,
0.171724217310027,0.029865081271309,0.130659730561977,0.192256460684052,0.235187515011559,0.248253488067756,0.102661216870125,0.0989280817112111,0.117593757505779,0.123799398227033,0.294642567780339,0.245122808489526,0.205507001056875,0.0891355667234638,0.0817076028298418,0.0297118555744879,0.0841835907943825,0.173319157517846,0.0685372067555481,0.127728430771703,0.299071447660573,0.291283128711079,0.238322559854519,0.124613103191906,0.0623065515959528,0.0389415947474705,0.0763255257050422,0.12237874939492,0.146854499273903,0.0435124442293047,0.247477026554171,0.144134971509572,0.233879387732513,0.12237874939492,0.0951834717516041,0.171330249152887,
0.126478069164337,0.301017804611123,0.250426576945388,0.2099535948128,0.0910642097983229,0.0834755256484627,0.030354736599441,0.0860050870317494,0.177069296830072,0.1586009727792,0.0754321699803512,0.0773663281849755,0.195349978667063,0.266913832238166,0.1586009727792,0.137325232528332,0.199218295076312,0.0870371192080975,0.125026681485402,0.150032017782483,0.0444539311948097,0.25283173367048,0.147253647082807,0.238939880172102,0.125026681485402,0.0972429744886463,0.175037354079563,0.23627916034896,0.187698398408052,0.170032666793177,0.0794957922669399,0.242903809704539,0.0883286580743776,0.0375396796816105,0.0794957922669399,0.234070943897101,
0.160005966266761,0.076100398590289,0.0780516908618348,0.197080519426133,0.26927833347333,0.160005966266761,0.138541751279757,0.200983103969225,0.0878081522195642,0.126751124233543,0.17164214739959,0.248220951624022,0.166360850556526,0.124110475812011,0.158438905291929,0.0897820463320932,0.184845389507251,0.0977039915966897,0.23837227917238,0.18936115635189,0.171538929871713,0.0802000191608007,0.245055614102447,0.0891111324008896,0.0378722312703781,0.0802000191608007,0.236144500862358,0.342795999713933,0.128132485329965,0.15642147559762,0.244616562902661,0.128132485329965,0.0599060970373864,0.0798747960498485,0.0998434950623106,0.128132485329965,
0.119037674705094,0.161196851163148,0.233115446297475,0.156236948050435,0.116557723148737,0.148797093381367,0.0843183529161079,0.173596608944928,0.0917582075851763,0.208602604033089,0.1520324063292,0.247494614954512,0.136711311117731,0.0883909339123258,0.0188567325679628,0.129640036404744,0.21331678717508,0.0895694796978235,0.321935122476458,0.120334972964501,0.146902434528092,0.22973040293223,0.120334972964501,0.056260506840546,0.0750140091207281,0.0937675114009101,0.120334972964501,0.0909369380298981,0.19964316280127,0.117068242061478,0.0303123126766327,0.0992989553200036,0.0648056339983182,0.0146335302576847,0.200688414962534,0.467227716084649,
0.202145526920138,0.147326400975694,0.239833676006943,0.13247955436574,0.085654884288194,0.0182730419814814,0.125627163622685,0.206713787415508,0.0867969494120366,0.0727983032156971,0.250426163061998,0.251882129126312,0.225674739968661,0.132492911852569,0.0873579638588365,0.0320312534149067,0.0596946086368716,0.132492911852569,0.0881220794906367,0.193463415893237,0.113444516125877,0.0293740264968789,0.0962252592139137,0.0627996428553963,0.0141805645157346,0.194476313358647,0.452765167038099,0.228337307743732,0.303991235008222,0.224210729892942,0.151307854528979,0.0687762975131724,0.0632741937121186,0.0839070829660703,0.0220084152042152,0.0990378684189682,
0.075613015983455,0.260108774983085,0.261621035302754,0.23440034954871,0.137615689089888,0.090735619180146,0.0332697270327202,0.0620026731064331,0.137615689089888,0.268862160803173,0.0684376409317169,0.0439956263132466,0.0439956263132466,0.219978131566233,0.141763684787128,0.215089728642539,0.168649900867445,0.122210073092352,0.237165864276945,0.315744915694005,0.232879734199651,0.15715810283412,0.0714355012882365,0.0657206611851775,0.0871513115716485,0.0228593604122357,0.10286712185506,0.114086697645625,0.357049109298344,0.200708079191377,0.164791896599236,0.0866213815457521,0.10986126439949,0.0760577984304165,0.0950722480380206,0.0887340981688192,
0.2706147757346,0.0688837610960801,0.0442824178474801,0.0442824178474801,0.2214120892374,0.14268779084188,0.21649182058768,0.16974926841534,0.123006716243,0.121575555298177,0.160258686529415,0.312228130652137,0.223809544980735,0.082892424066939,0.124338636100408,0.0580246968468573,0.0469723736379321,0.171311009738341,0.114830387457436,0.359376582968642,0.202016422378823,0.165866115216296,0.0871860349213866,0.110577410144198,0.0765535916382907,0.0956919895478633,0.0893125235780058,0.269960023742074,0.191009450760901,0.292881157833382,0.0764037803043606,0.0407486828289923,0.0662166095971125,0.0789505729811726,0.0916845363652327,0.193556243437713,
0.0707571552593021,0.131865607528699,0.308758495676955,0.300717909852034,0.246041926242573,0.128649373198731,0.0643246865993655,0.0402029291246035,0.0787977410842228,0.126342647757155,0.151611177308587,0.0449218303136553,0.255492909908914,0.148803562913983,0.241454837935897,0.126342647757155,0.0982665038111209,0.176879706860018,0.124223834760695,0.249665550254337,0.177810587010406,0.149799330152602,0.158324495283238,0.160760256749134,0.121788073294799,0.141274165021967,0.0864695320393071,0.185757286497185,0.159576729339864,0.190744059289056,0.218171309644345,0.13464286538051,0.201964298070765,0.152096570152058,0.071061512284158,0.0561011939085458,
0.115629844649066,0.138755813578879,0.0411128336530011,0.233829241401444,0.136186261475566,0.220981480884881,0.115629844649066,0.0899343236159399,0.161881782508692,0.218520737176823,0.173591239813364,0.157253240772106,0.07352099568566,0.224647486817294,0.0816899952062888,0.0347182479626728,0.07352099568566,0.216478487296665,0.170006617412251,0.146045953213209,0.174570553450163,0.199672201658684,0.123226273023645,0.184839409535467,0.13920004915634,0.065036088540257,0.0513442804265187,0.535410316981747,0.141264611320917,0.0191840830188899,0.0854563698114189,0.0784803396227316,0.047088203773639,0.0348801509434363,0.0906883924529343,0.22148895849082,
0.214658944271998,0.170523460402989,0.154474193541531,0.0722217008765601,0.220677419345045,0.080246334307289,0.0341046920805978,0.0722217008765601,0.212652785914316,0.308694566560923,0.115385833131995,0.140860627459839,0.220282045070173,0.115385833131995,0.0539466232824914,0.0719288310433219,0.0899110388041523,0.115385833131995,0.525948314473413,0.138768122059761,0.0188450536130539,0.0839461479126946,0.0770934011443114,0.0462560406865868,0.0342637338419162,0.0890857079889821,0.217574709896168,0.116091988781518,0.0904612899596245,0.131168870441456,0.0587998384737559,0.147753440267387,0.263845429048905,0.0768920964656808,0.144738063935399,0.202030214243161,
0.302008619621439,0.112886717042965,0.137809758468035,0.215511005263842,0.112886717042965,0.0527782053707369,0.0703709404943159,0.0879636756178948,0.112886717042965,0.0853083034735304,0.187286045556831,0.109822183782016,0.0284361011578435,0.0931527451722458,0.0607944231650446,0.013727772972752,0.188266600769171,0.438308179915725,0.113577578224379,0.0885020090060092,0.128327913058713,0.057526305853906,0.144553281376482,0.25813085960086,0.0752267076551079,0.141603214409615,0.197654486780087,0.130902494719267,0.152886119786625,0.0839374775299116,0.0239821364371176,0.0369724603405563,0.0179866023278382,0.0659508752020734,0.407696319430999,0.284787870190771,
0.0816595905098472,0.179275652728515,0.105124990081642,0.0272198635032824,0.0891685183728217,0.058194190938052,0.0131406237602053,0.180214268711387,0.419561344343698,0.211592045447082,0.28169784363738,0.20776809281852,0.140211596380596,0.0637325438093619,0.058633940304613,0.0777537034474216,0.0203944140189958,0.0917748630854812,0.1253036771363,0.146347042762244,0.0803473960263299,0.0229563988646657,0.0353911149163596,0.0172172991484993,0.0631300968778307,0.390258780699317,0.272607236517905,0.314607011713487,0.256444370892506,0.163912896859128,0.0387750938806538,0.0660939100238417,0.0229125554749318,0.023793807608583,0.0643314057565393,0.202687990739781,
0.232898404019387,0.310063537881232,0.228689396717832,0.15433026772369,0.0701501216925865,0.0645381119571796,0.0855831484649556,0.0224480389416277,0.101016175237325,0.112033870820807,0.350624521642897,0.197096624592161,0.161826702296722,0.0850627537713537,0.107884468197814,0.0746892472138716,0.0933615590173394,0.0871374550828502,0.346286509809768,0.282267155055021,0.18041818158156,0.042679569836498,0.072749266766758,0.0252197458124761,0.0261897360360329,0.0708092863196444,0.223097751418058,0.163524185187946,0.185167092051057,0.158714650329477,0.120238371461725,0.264524417215795,0.132262208607898,0.108214534315553,0.052904883443159,0.0841668600232075,
0.116346576854986,0.364121694231345,0.204683792615253,0.168056166568313,0.0883372157602671,0.112037444378875,0.0775643845699906,0.0969554807124882,0.0904917819983224,0.273524502925877,0.193531487919252,0.296748281476187,0.077412595167701,0.0412867174227739,0.0670909158120075,0.0799930150066244,0.0928951142012412,0.196111907758176,0.169818993490358,0.192295036746435,0.16482431721123,0.124866906978205,0.27470719535205,0.137353597676025,0.112380216280384,0.05494143907041,0.0874068348847432,0.158843754177441,0.0899476680281894,0.11291303007794,0.0861201076865643,0.21817093947263,0.277498124767818,0.246877642034818,0.0765512068325016,0.0516720646119386,
0.126546711789485,0.254334077616122,0.181135489424165,0.152600446569673,0.161285024829736,0.16376633290404,0.124065403715182,0.143915868309611,0.0880864366377789,0.18923078523892,0.162560674567663,0.194310806319159,0.222250922260476,0.137160569166465,0.205740853749698,0.154940642947304,0.0723903003934123,0.0571502371526939,0.125533633344947,0.151961766680725,0.196559241684851,0.264281333357783,0.109016050010086,0.125533633344947,0.25271902502338,0.0792844000073349,0.0908467083417379,0.0133990636012396,0.11612521787741,0.260165151590736,0.199869365385157,0.263514917491046,0.192053244951101,0.147389699613636,0.0949100338421139,0.108309097443353,
0.168657501547237,0.144886981194942,0.173185219709579,0.198087669602459,0.122248390383232,0.183372585574848,0.138095403951429,0.0645199838133725,0.0509368293263467,0.531161479119273,0.140143582438636,0.0190318445287036,0.0847782165369524,0.077857545799242,0.0467145274795452,0.034603353688552,0.0899687195902352,0.219731295922305,0.0119423094249931,0.103500015016607,0.231879841335282,0.178139448922813,0.23486541869153,0.171173101758234,0.131365403674924,0.0845913584270342,0.0965336678520273,0.22199614001846,0.0906935450075417,0.220642505018348,0.0324872400027015,0.0785108300065286,0.134009865011144,0.108290800009005,0.106937165008892,0.250422475020824,
0.521410203863272,0.137570770400407,0.0186824503012899,0.0832218240693821,0.076428205778004,0.0458569234668024,0.0339680914568907,0.0883170377879158,0.215697380751256,0.11509029665409,0.089680750639551,0.130037088427349,0.0582924879157082,0.146478559377933,0.261568856032024,0.0762286380436184,0.143489201023282,0.200287009761664,0.217920645932031,0.089028556569793,0.216591861505616,0.0318908262339557,0.0770694967320596,0.131549658215067,0.106302754113186,0.104973969686771,0.245825118886742,0.22135139932544,0.111605747559045,0.293895135238819,0.0771939753950063,0.079054071187657,0.0483624906089196,0.0781240232913316,0.239952357251947,0.071613688017054,
0.118009582615782,0.0919555189213885,0.133335502436013,0.0597710872989025,0.150194014238268,0.26820359685405,0.0781621910831802,0.147128830274222,0.205367325591101,0.1360105489718,0.158852015211339,0.0872128710964214,0.0249179631704061,0.0384151932210427,0.0186884723778046,0.0685243987186168,0.423605373896904,0.295900812648572,0.226966017164106,0.114436647309633,0.301349837915368,0.0791520143891632,0.0810592918443237,0.0495892138341745,0.0801056531167434,0.246038791715712,0.0734301820236815,0.0765855526108852,0.273124380395446,0.202997850293913,0.0710492476028694,0.056285767581494,0.0701265301015335,0.152248387720435,0.220529482819296,0.129180450187035,
0.130086952174225,0.151933615898141,0.0834145342185871,0.0238327240624534,0.0367421162629491,0.0178745430468401,0.065539991171747,0.405156309061708,0.283013598241635,0.326616650219532,0.266233740094913,0.170170019442109,0.040255273416413,0.0686169433234312,0.0237872070187895,0.0247020995964352,0.0667871581681397,0.210425292858522,0.0732500618153852,0.261229136112699,0.194156790354033,0.0679548766239116,0.0538343827799819,0.067072345758666,0.145617592765525,0.2109248767937,0.123554321134385,0.277634847403375,0.294888990462341,0.194501249028353,0.0305868899681684,0.08783927375474,0.0925449491344582,0.0698008514658202,0.0792122022252566,0.0705851306957732,
0.34015714174411,0.27727094747209,0.177224729312057,0.0419241295146802,0.0714615844000231,0.0247733492586747,0.0257261703840083,0.0695559421493558,0.219148858826738,0.160629761379163,0.18188958273817,0.155905356632717,0.118110118661149,0.259842261054529,0.129921130527264,0.106299106795034,0.0519684522109057,0.0826770830628045,0.28914470856834,0.307114153733604,0.202564654590249,0.0318549255202408,0.0914808117504352,0.0963815695227799,0.0726945736231137,0.0824960891678032,0.0735113665851711,0.289294841191563,0.225158720738716,0.294753234421592,0.0873342916804717,0.0614069238378317,0.0600423255303243,0.058677727222817,0.0450317441477432,0.125543044290678,
0.170646651533715,0.193232237766118,0.165627632370958,0.125475479068908,0.276046053951597,0.138023026975799,0.112927931162017,0.0552092107903195,0.0878328353482355,0.159617921472157,0.0903860519179686,0.113463341769365,0.0865398369427359,0.219234253588264,0.278850585704371,0.24808086590251,0.0769242995046542,0.0519239021656416,0.307335300329481,0.23919964412436,0.313134079580981,0.0927804680239942,0.0652362665793709,0.063786571766496,0.0623368769536211,0.047839928824872,0.133371922784492,0.176559468629565,0.201310796007541,0.0990053095119054,0.115506194430556,0.211211326958732,0.249163362271629,0.0660035396746036,0.0594031857071433,0.146857875775993,
0.118091672188056,0.142953076859226,0.184906697241825,0.248614046711697,0.102553294268575,0.118091672188056,0.23773718216806,0.0745842140135092,0.0854610785571459,0.0126047321682831,0.10924101212512,0.244741882934163,0.188020588176889,0.247893065976233,0.18066782774539,0.138652053851114,0.0892835195253383,0.101888251693621,0.168754577749349,0.121420976673312,0.202711291564766,0.232552040069224,0.172870543060308,0.059681497008916,0.0236668005380184,0.196537343598327,0.134797863933931,0.0896603971268205,0.193757637858807,0.439183979146629,0.174761791009904,0.127652090824626,0.0600268760425324,0.104097240731987,0.0706645502779178,0.0531883711769274,
0.0126446504802641,0.109586970828956,0.245516963491795,0.188616036330606,0.248678126111861,0.181239990217119,0.139091155282905,0.089566274235204,0.102210924715468,0.235051990247927,0.0960273374793361,0.233618746404952,0.034397852231404,0.0831281428925596,0.141891140454541,0.114659507438013,0.113226263595038,0.265150110950406,0.089944345381894,0.194371254850703,0.440574844328261,0.175315249473183,0.128056356136934,0.060216976992963,0.104426909468809,0.0708883400043741,0.0533568150570558,0.180692207524833,0.223487730359662,0.101441239312187,0.150576839604027,0.0840060263054048,0.148991820239775,0.123631510411728,0.153746878332533,0.150576839604027,
0.241156895460814,0.0985214146089909,0.239686426586053,0.0352912529942654,0.0852871947361414,0.145576418601345,0.117637509980885,0.116167041106124,0.272036741830796,0.244953460186967,0.123505946312757,0.325232325290259,0.0854249461996567,0.0874833786382027,0.0535192434021946,0.0864541624189297,0.265537784572427,0.0792496488840189,0.185385249257782,0.229292281976731,0.104075929407878,0.154487707714819,0.0861878790408988,0.15286152131782,0.126842538965851,0.157740080508815,0.154487707714819,0.192522648183785,0.062940096521622,0.307295765370272,0.146243165447298,0.172159675779731,0.101814862020271,0.0999636827108114,0.148094344756758,0.120326655114866,
0.239237573053487,0.120623986413523,0.317643164222277,0.0834315906026866,0.0854419903762453,0.0522703941125266,0.084436790489466,0.259341570789074,0.0774003912820105,0.0807263658521205,0.287891617978647,0.213973499848994,0.0748907249471479,0.0593290158672211,0.0739181181296525,0.160480124886746,0.232453029381407,0.13616495444936,0.188030212245883,0.0614714155419234,0.300125146469391,0.142830641994469,0.168142401335261,0.0994390545531113,0.0976310717430548,0.144638624804526,0.117518882653677,0.0990467255527374,0.266113491545306,0.221960131961556,0.134846746836859,0.264920157502502,0.105013395766758,0.0298333510701016,0.101433393638346,0.0966600574671292,
0.0801429334883125,0.285810943524584,0.212427052619623,0.0743494684168682,0.0589002282263502,0.0733838909049608,0.159320289464718,0.230773025345864,0.135180851667033,0.303760441398195,0.322638208942715,0.212803925047323,0.0334651333743774,0.0961049984084683,0.101253480466065,0.076369150521015,0.0866661146362081,0.0772272308639478,0.0983308867483183,0.264190213793675,0.220355963074545,0.13387217111518,0.263005504314779,0.104254434142795,0.029617736972385,0.100700305706109,0.0959614677905275,0.111423903131331,0.200280939805684,0.181945360809389,0.262339822562375,0.176303644195144,0.104371757363526,0.0747527451387413,0.153736777738166,0.045133732913957,
0.300144705026042,0.318797765790373,0.210270866797905,0.0330667895367674,0.0949610366184088,0.100048235008681,0.0754601094556999,0.0856345062362437,0.0763079758540785,0.300300549178042,0.23372448403008,0.305966597275741,0.0906567695631824,0.0637430410991126,0.0623265290746879,0.0609100170502632,0.0467448968060159,0.130319106247075,0.110097596593769,0.197896945776142,0.179779619754383,0.259217126157482,0.174205057901534,0.103129394277708,0.0738629445502503,0.151906810490137,0.0445964948227927,0.190267235064536,0.213230522055083,0.240567768472402,0.209950052485005,0.0907596581054971,0.057954962404715,0.100601066815732,0.0667028812582569,0.124657843662972,
0.3060081228033,0.238166699351625,0.3117818609694,0.0923798106576,0.064954554368625,0.0635111198271,0.062067685285575,0.047633339870325,0.1327959778203,0.175797025270314,0.200441468065218,0.0985777711796152,0.115007399709551,0.210299245183179,0.248087390802032,0.0657185141197435,0.0591466627077691,0.146223693916429,0.193883493028691,0.217283224945947,0.245140048656965,0.213940406100624,0.0924846547205824,0.0590564662673599,0.102513111256549,0.0679706498548859,0.127027116122246,0.134217719125941,0.0991380879907518,0.192175370566688,0.234881008470396,0.292838659911144,0.150994934016683,0.117440504235198,0.0793104703926014,0.0183024162444465,
0.168515710431077,0.121249108724799,0.202424359481232,0.232222869252581,0.172625849709883,0.0595970195426978,0.0236333008531388,0.196259150563022,0.134607061380921,0.089533485377803,0.193483379418134,0.438562326681103,0.17451442065165,0.12747140291077,0.0599419097020884,0.103949894040331,0.0705645266113193,0.0531130845461543,0.0818211744711011,0.223511500994227,0.225507139395962,0.0937950048815062,0.0977862816849745,0.155659795335266,0.0997819200867087,0.115747027300582,0.217524585789025,0.0522994253129797,0.207981435546966,0.0936524592813823,0.22987421823612,0.227441686826214,0.252983266630228,0.0754084737070871,0.0973012563962413,0.074192208002134,
0.0907470899966275,0.196105999568983,0.444506932356362,0.176879921179867,0.12919924677486,0.0607544077096066,0.105358909572356,0.0715210116075115,0.0538330194895248,0.182304868063959,0.225482336815949,0.10234659259731,0.151920723386632,0.0847557719946474,0.150321557877299,0.124734909727972,0.155119054405298,0.151920723386632,0.0530083313033349,0.210800573322564,0.0949218955896927,0.232990107356519,0.230524603574968,0.256412393281248,0.0764306172280643,0.0986201512620184,0.075197865337289,0.0768557934848196,0.0796505496115403,0.129956159892513,0.170480123729963,0.238951648834621,0.082445305738261,0.15790372115972,0.201222441123891,0.191440794680369,
0.188535716846299,0.233188912941475,0.105844612966343,0.157113097371916,0.0876525701127532,0.155459275294317,0.128998122052731,0.160420741527114,0.157113097371916,0.195794409910173,0.0640097109321718,0.312518000433545,0.148728445989458,0.175085385785058,0.103545120625572,0.101662482068743,0.150611084546287,0.122371506193858,0.0794825847073266,0.0823728605148658,0.13439782505057,0.176306824259888,0.247118581544597,0.0852631363224049,0.163300583125962,0.208099858142819,0.197983892816432,0.154438165450951,0.0555283291509037,0.189143371170266,0.352257838051045,0.230789618033443,0.109321398015842,0.144026603735156,0.0971745760140814,0.0416462468631777,
0.186739780947548,0.0610495437713139,0.298065419589356,0.141850410527465,0.166988457962712,0.0987566149241842,0.0969610401073809,0.143645985344268,0.116712363092218,0.0983669784359087,0.264287183026598,0.220436843241916,0.133921307991056,0.263102038708093,0.104292700028433,0.0296286079626231,0.100737267072919,0.0959966897988988,0.1472960806158,0.052960388536018,0.180396323450811,0.335967464775364,0.220116614852825,0.104265764930285,0.137366007765297,0.0926806799380315,0.0397202914020135,0.138682109570853,0.0566658082117462,0.153594164363417,0.0507009862947203,0.359380520500812,0.162541397238956,0.0417537534191814,0.183418273948547,0.164032602718213,
0.0988118376818547,0.265482407265706,0.221433756732831,0.134526959735537,0.26429190319725,0.104764358024135,0.029762601711402,0.101192845818767,0.0964308295449425,0.111968893947558,0.201260543551307,0.182835282521962,0.263622965496783,0.17716597143601,0.104882255090118,0.0751183718888681,0.154488727092201,0.0453544886876185,0.139309291778448,0.0569220762105485,0.154288785518066,0.0509302787147013,0.361005799124795,0.163276481761837,0.0419425824709305,0.184247772997302,0.164774431135798,0.0804877781955871,0.109380826778618,0.154784188837668,0.297185642568322,0.21257028600373,0.185741026605201,0.0247654702140268,0.196059972527712,0.0557223079815603,
0.110961793180098,0.199450311792075,0.181190776205476,0.261251816854408,0.175572457563446,0.10393889487756,0.0744427220069012,0.153099182995325,0.0449465491362422,0.191760712670952,0.214904246958825,0.242456073492008,0.211598027774843,0.0914720640901665,0.0584098722503473,0.101390721642112,0.0672264567409658,0.125636328991313,0.0797638333539965,0.108397004301585,0.153391987219224,0.29451261546091,0.210658329114401,0.184070384663069,0.0245427179550758,0.19429651714435,0.0552211153989207,0.270315127553796,0.392123796142852,0.0934422663148923,0.156849518457141,0.100116713908813,0.0533955807513671,0.0250291784772033,0.0867678187209715,0.126814504284497,
0.190628417684016,0.213635295680363,0.241024436152204,0.210348598823742,0.0909319463665133,0.0580649778003037,0.100792036936376,0.0668295027512929,0.124894480551597,0.131964361805415,0.097473676333545,0.188948972585026,0.230937633159476,0.287922243939087,0.148459907031092,0.115468816579738,0.077978941066836,0.0179951402461929,0.26871899005744,0.389808411503076,0.0928905150815841,0.155923364601231,0.0995255518731259,0.0530802943323338,0.0248813879682815,0.0862554782900424,0.126065699039293,0.086946627955828,0.112795625456209,0.15979380272963,0.0916464456831701,0.29843842568622,0.211491797730392,0.187992709093682,0.124545169774564,0.0234990886367103,
0.0852070917925376,0.2327608361162,0.234839057867238,0.0976764222987626,0.101832865800838,0.162101296580925,0.103911087551875,0.120536861560175,0.226526170863088,0.0544636759634142,0.216588106738228,0.0975279778879742,0.239386854815937,0.23685366058508,0.263452200009073,0.0785290211565507,0.101327769234259,0.0772624240411224,0.174994821083802,0.19875954987296,0.162032241744261,0.131786223285332,0.162032241744261,0.159871811854337,0.157711381964414,0.108021494496174,0.110181924386097,0.128696713089286,0.247338995468471,0.309676465871093,0.255382540036551,0.092500762532924,0.0140762029941406,0.102555193243024,0.092500762532924,0.122664054663225,
0.0524351954226323,0.208521358541166,0.0938955825009927,0.230470975229709,0.228032128930982,0.253640015067617,0.0756042352605396,0.0975538519490833,0.074384812111176,0.0760248144329804,0.0787893531396342,0.128551049859403,0.168636861105884,0.236368059418903,0.0815538918462881,0.156196436925942,0.199046786879076,0.189370901405787,0.123903449073475,0.238126941188085,0.298142674333049,0.245870906755177,0.08905560402156,0.0135519397424113,0.0987355609804253,0.08905560402156,0.118095474898156,0.125194110001324,0.0547724231255791,0.170185743283049,0.11541332015747,0.311029117034538,0.256256693908959,0.219089692502316,0.0528162651568084,0.0097807898438534,
0.0739178237748635,0.076605744639404,0.124988320201133,0.16396317273697,0.229817233918212,0.0792936655039444,0.151867528846538,0.193530302246915,0.184122579221024,0.143625589680456,0.0516406614581415,0.175901003091795,0.327595446125085,0.214631499185401,0.101667552245716,0.133942965657055,0.0903711575517477,0.0387304960936061,0.121724416294191,0.0532544321287085,0.165469128399916,0.112214696271207,0.30240909673088,0.249154664602172,0.213017728514834,0.0513524881241117,0.00950972002298365,0.0333293044615046,0.184035724635265,0.0710059095049446,0.0623113083410738,0.0782514104748369,0.262287135110101,0.259388934722145,0.318802042675261,0.00869460116387077,
0.142984005326407,0.0514099794432024,0.175115242478408,0.326132057092815,0.21367272706081,0.101213397028805,0.133344634180806,0.0899674640256042,0.0385574845824018,0.134622207262106,0.0550069233974196,0.149097713419322,0.0492167209345333,0.348859698388898,0.157783017113651,0.0405314172402039,0.178048725733753,0.159230567729373,0.0331804204059444,0.18321362571978,0.0706887217344033,0.0620329598893743,0.0779018566052608,0.261115482325041,0.258230228376698,0.317377934317729,0.00865576184502897,0.0635507726341867,0.0759846194539188,0.135390776481528,0.211375395935447,0.16440308572757,0.263873860285427,0.143680007694683,0.167166162798621,0.0469723102078771,
0.140731775414942,0.0575033060835249,0.155864224384291,0.0514503264957854,0.364692020161303,0.1649436937659,0.0423708571141762,0.186129122322988,0.166456938662835,0.0813096368523889,0.110497711619913,0.156364686254594,0.30022019760882,0.214740835789642,0.187637623505513,0.025018349800735,0.198061935922486,0.0562912870516538,0.0664349013709711,0.0794330342479002,0.141535224659895,0.220968258907795,0.171864201372729,0.275849264388162,0.150200646577848,0.17475267534538,0.0491040575350656,0.22274353833873,0.243280176625279,0.0821465531461981,0.146915950819162,0.123219829719297,0.145336209412504,0.113741381279351,0.0600301734529909,0.192728451612234,
0.0791137868211187,0.107513607731264,0.152141897732921,0.292112443647207,0.208941539553211,0.182570277279505,0.0243427036372673,0.192713070461699,0.0547710831838514,0.268112156557267,0.388928128339246,0.0926807454765863,0.155571251335698,0.0993007987249139,0.0529604259866207,0.0248251996812285,0.0860606922282587,0.125781011718224,0.216728120922535,0.236710146255818,0.0799281013331333,0.142948335076565,0.1198921519997,0.141411256204774,0.110669678768954,0.058408997128059,0.187523622358505,0.140798565061798,0.330031836504854,0.0867319160780673,0.0968694127625168,0.0416763752582921,0.0563194260247191,0.188106882922562,0.180222163279101,0.173463832156135,
0.2665407801395,0.38664866254804,0.0921375536284692,0.154659465019216,0.0987188074590741,0.0526500306448395,0.0246797018647685,0.0855562997978642,0.125043822781494,0.0862418470718856,0.111881315120284,0.158498529753736,0.0909035685352308,0.296019312922418,0.209777465850532,0.186468858533807,0.123535618778647,0.0233086073167258,0.139973359865455,0.328097555524627,0.0862235896771205,0.0963016715874333,0.0414321145201748,0.0559893439461822,0.187004408780248,0.179165900627783,0.172447179354241,0.0247770175163215,0.192906779234217,0.0407051002053853,0.0814102004107706,0.21945358371599,0.215914009785087,0.17343912261425,0.139813170270671,0.198216140130572,
